{"type": "FeatureCollection", "features": [{"type": "Feature", "properties": {}, "geometry": {"type": "MultiPolygon", "coordinates": [[[[-87.42938245493934, 30.477856158274747], [-87.62226942518802, 30.26476532983348], [-88.00593399060492, 30.230916451589124], [-87.79029433394142, 30.291791698051952], [-87.92428359686521, 30.449643266573517], [-87.92299819642554, 30.561550009123664], [-88.01131729159152, 30.694176967307982], [-88.13544083148271, 30.366597609108695], [-88.39958512866839, 30.370805372941078], [-88.4861903565815, 31.890511241460132], [-88.08477188423734, 34.93310901377603], [-88.20313858797142, 35.024196663735125], [-85.6236035774606, 35.00086170190747], [-85.2009705046978, 32.956229055551546], [-84.98596805508986, 32.36094582971829], [-84.92153323817874, 32.28588723310503], [-85.03462650421166, 32.14737160282108], [-85.1241321228604, 31.880535655142097], [-85.05488529404697, 31.572676756679456], [-85.09260135993885, 31.29571141408283], [-85.0072815324654, 31.00167331692866], [-87.59369398464483, 31.00073947900242], [-87.60105482476938, 30.860597872093933], [-87.40827771780614, 30.641464562953416], [-87.42938245493934, 30.477856158274747]]], [[[-88.07133560442792, 30.252339792250112], [-88.28972184322744, 30.23293793604124], [-88.31625382666144, 30.240452584765393], [-88.07133560442792, 30.252339792250112]]]]}}, {"type": "Feature", "properties": {}, "geometry": {"type": "Polygon", "coordinates": [[[-89.7093202860527, 35.98305046007812], [-89.68890768761777, 35.92095573114689], [-89.94350486529864, 35.67913565356281], [-89.92652000136947, 35.59165151936618], [-90.06602440122238, 35.41411245009361], [-90.1422695213184, 35.114295544125255], [-90.2559560490927, 35.0463890473942], [-90.3199404265335, 34.89916125857478], [-90.53924951693074, 34.72817004111448], [-90.58400781941938, 34.503708362630064], [-90.90971950176618, 34.18876328225649], [-90.91472926758227, 34.048621675348016], [-91.07017483015268, 33.97420028579032], [-91.05270656776757, 33.82759871769791], [-91.20748196429678, 33.67566878026162], [-91.17272122078326, 33.616683182308364], [-91.21457913253627, 33.5834055931483], [-91.14101467660501, 33.43850690598023], [-91.16333889620661, 33.29445416611006], [-91.10678127686161, 33.21792340147189], [-91.1499575480399, 33.015917778531616], [-94.04130653528924, 33.01199565924138], [-94.04732704333139, 33.55443464477753], [-94.19153359180119, 33.5890086207058], [-94.35767434520928, 33.56097151026127], [-94.4841489594089, 33.6484336718008], [-94.43913797136373, 35.38725087680329], [-94.61837992156065, 36.500869083346956], [-90.16224266661156, 36.500869083346956], [-90.07447288787279, 36.371834654596555], [-90.07565941135556, 36.296721126340586], [-90.38106835855285, 35.99274040185401], [-89.7093202860527, 35.98305046007812]]]}}, {"type": "Feature", "properties": {}, "geometry": {"type": "Polygon", "coordinates": [[[-109.04780735188244, 31.32787938405994], [-111.04197429807105, 31.324209950326207], [-114.83595454533898, 32.50832742713733], [-114.72094965813939, 32.7244834412424], [-114.58217584913466, 32.7347226994455], [-114.47753106975215, 32.84200419767859], [-114.49086297944041, 32.98361797261198], [-114.64808832723496, 33.071750300192704], [-114.70438776785917, 33.169781309791674], [-114.71942805163603, 33.33086285890519], [-114.70170161053014, 33.41780866300316], [-114.60261042022667, 33.46989484663071], [-114.52155878139261, 33.60760847493094], [-114.50905084634516, 33.903920742093746], [-114.32932000452803, 34.14202744062992], [-114.12561150066342, 34.28650864731331], [-114.15879021286659, 34.35521714602808], [-114.37102410768142, 34.488492297596494], [-114.61093256409882, 34.907401004982844], [-114.59098688462701, 35.35277577783192], [-114.66206293714305, 35.54535513088136], [-114.68710077989503, 35.91734122905588], [-114.74136225657432, 36.0135155491309], [-114.66914362588972, 36.121719898961686], [-114.50527704249026, 36.15642571083248], [-114.18320732805584, 36.03030265914627], [-114.04287895356211, 36.18177117078372], [-114.04026970053289, 37.00415279395196], [-109.04667026687812, 37.00084590906019], [-109.04780735188244, 31.32787938405994]]]}}, {"type": "Feature", "properties": {}, "geometry": {"type": "MultiPolygon", "coordinates": [[[[-114.61093256409882, 34.907401004982844], [-114.37102410768142, 34.488492297596494], [-114.12506767740048, 34.31718247660842], [-114.41828179991384, 34.05114853091315], [-114.50905084634516, 33.903920742093746], [-114.52155878139261, 33.60760847493094], [-114.60261042022667, 33.46989484663071], [-114.70170161053014, 33.41780866300316], [-114.70438776785917, 33.169781309791674], [-114.64808832723496, 33.071750300192704], [-114.49086297944041, 32.98361797261198], [-114.46900018563765, 32.91230571403226], [-114.51646661811242, 32.77275736886516], [-114.83905818315269, 32.70471903619158], [-117.12827396872153, 32.533365269889316], [-117.13739262141313, 32.649172159072634], [-117.18374394154065, 32.68787699453348], [-117.24348210299918, 32.66402567526424], [-117.31882634415459, 33.1000510825223], [-117.46742193087775, 33.29548688099321], [-118.08051399528097, 33.722151936331684], [-118.41043893462442, 33.74393782583462], [-118.39294869958223, 33.858294519650116], [-118.50619577421476, 34.01740951595424], [-118.83204478566836, 34.02446273887955], [-119.1437324196286, 34.112023777375995], [-119.2358417981423, 34.164120947332094], [-119.26764721927745, 34.25743882198563], [-119.60605360425694, 34.41800401365758], [-120.48119157709394, 34.47163926960985], [-120.64469561165143, 34.579986441711725], [-120.65908770204419, 35.122403454590795], [-120.85737445277229, 35.20968983487363], [-120.89958942020297, 35.425120751294784], [-121.28383076786844, 35.67632315345553], [-121.66435324332173, 36.154041677538416], [-121.87741111277737, 36.331064389369416], [-121.91864829696762, 36.57234613685483], [-121.79000388288054, 36.73228510779978], [-121.80744467944429, 36.85123408694669], [-121.88066855919068, 36.93893794771421], [-122.16421471258523, 36.99096919969904], [-122.39490014618987, 37.207520721631695], [-122.40846826194183, 37.373172583419574], [-122.49923730837315, 37.54261472855515], [-122.51422266050729, 37.77198729589877], [-122.44562402507796, 37.79800292189118], [-122.38410058523102, 37.78854369301472], [-122.36970849483826, 37.655861803187676], [-122.29759423427481, 37.591866439418325], [-122.07052879592547, 37.47827878860093], [-122.38544641047767, 37.9605786116867], [-122.31423302885486, 38.00734741229891], [-121.52534322825329, 38.055917970792365], [-122.03151085010111, 38.123516850324194], [-122.15377770046834, 38.06553100826844], [-122.39335107386515, 38.14480835504264], [-122.48388940739704, 38.10883911538926], [-122.46691003663214, 37.83821288436258], [-122.52132532191105, 37.826402581177675], [-122.9319997760536, 38.05545654499352], [-122.99879116043742, 37.98861572213124], [-122.97760402584014, 38.227326668737334], [-122.87680995461233, 38.12336304172456], [-122.90815394994864, 38.19658692147095], [-123.04618068861237, 38.3050549431868], [-123.12116238092582, 38.44928346431368], [-123.28973111294215, 38.5358667195697], [-123.70112517160433, 38.907292514988484], [-123.71952177875143, 39.110968059867446], [-123.82029387732214, 39.3683997103127], [-123.77778777218504, 39.51495733309093], [-123.83292815514784, 39.7755091008427], [-124.1085147135122, 40.09453010910613], [-124.32403352056173, 40.251964197142996], [-124.35653657355942, 40.371077971218085], [-124.3716537616361, 40.49120248751922], [-124.283675242655, 40.71053355057353], [-124.25390778546476, 40.74030650092803], [-124.22000946874195, 40.69648203636564], [-124.13309113046535, 40.96977794522854], [-124.14001251744813, 41.15588635076551], [-124.06851898444742, 41.384171271583284], [-124.11768829784653, 41.621750626349325], [-124.24460785835218, 41.78794081823585], [-124.22840851691392, 42.00076797479207], [-120.0008088683391, 42.00055923454974], [-120.0000617979981, 39.00025882712862], [-118.12627205366712, 37.692380359268256], [-116.65959169986616, 36.58996820783956], [-114.61054254943551, 34.991116828488856], [-114.61093256409882, 34.907401004982844]]], [[[-119.91804885541643, 34.06784775030019], [-119.54928724466961, 34.02815414527036], [-119.80958083370058, 33.967795256249104], [-119.88551833659736, 33.99493148775302], [-119.91804885541643, 34.06784775030019]]], [[[-120.30660233703544, 34.02486923303569], [-120.4415583968711, 34.03293319818705], [-120.36773576221907, 34.07329696925805], [-120.30660233703544, 34.02486923303569]]], [[[-119.98393936085964, 33.97333236583533], [-120.16713089616815, 33.91808211958708], [-120.25190690037866, 34.013838959177406], [-120.07184097554094, 34.02650619598876], [-119.98393936085964, 33.97333236583533]]], [[[-118.29747750453404, 33.31213116873751], [-118.44630380415663, 33.3170860029109], [-118.56942209498602, 33.46418195578778], [-118.39170724445674, 33.41509503985277], [-118.29747750453404, 33.31213116873751]]], [[[-119.43802869550356, 33.21719830378798], [-119.54367872394783, 33.22461407555525], [-119.57517652788377, 33.27832623580733], [-119.47879896073069, 33.27463482941651], [-119.43802869550356, 33.21719830378798]]], [[[-118.35039315596667, 32.827612107285816], [-118.47320382959684, 32.83892802568624], [-118.59016977644154, 33.01116069827202], [-118.55710092752383, 33.03266094323281], [-118.35039315596667, 32.827612107285816]]]]}}, {"type": "Feature", "properties": {}, "geometry": {"type": "Polygon", "coordinates": [[[-109.04667026687812, 37.00084590906019], [-109.04639011550024, 41.00085826867979], [-102.02500557031193, 41.00062755578037], [-102.01278327980663, 37.00084590906019], [-109.04667026687812, 37.00084590906019]]]}}, {"type": "Feature", "properties": {}, "geometry": {"type": "Polygon", "coordinates": [[[-71.80163771816319, 42.022707672894626], [-71.79579299137774, 41.51995130605974], [-71.84235305174761, 41.33551282246148], [-72.47941728503406, 41.27578015416722], [-72.92471515358332, 41.28515149241534], [-73.63046591292746, 40.99186046560217], [-73.72301474458291, 41.104514278493326], [-73.48413900304865, 41.21895886293717], [-73.54472860496934, 41.29595105337418], [-73.48056844627182, 42.05556778157003], [-72.80645831313468, 42.00802993795972], [-71.80163771816319, 42.022707672894626]]]}}, {"type": "Feature", "properties": {}, "geometry": {"type": "Polygon", "coordinates": [[[-77.05304783059798, 38.915301548497126], [-77.12205296018344, 38.94353641285545], [-77.04211643369659, 39.01178348577136], [-76.93124240602958, 38.88822024863592], [-77.01973728245227, 38.806525909582035], [-77.05304783059798, 38.915301548497126]]]}}, {"type": "Feature", "properties": {}, "geometry": {"type": "Polygon", "coordinates": [[[-75.03766079082644, 38.45558961689801], [-75.70702483003252, 38.45507325945644], [-75.78472014549637, 39.72235724334635], [-75.6768234128648, 39.827232735628286], [-75.42102872537264, 39.81542243244337], [-75.58760343875821, 39.64078375390645], [-75.57388151440662, 39.47694463632834], [-75.41265714302203, 39.281377001914905], [-75.3921676402873, 39.092752727141345], [-75.31040738326213, 38.96656375748387], [-75.18506436090256, 38.819390900307184], [-75.08869228691375, 38.77753298855416], [-75.12848476890046, 38.63244753380084], [-75.18710781801175, 38.59112795214651], [-75.0728829601388, 38.57873537354877], [-75.03766079082644, 38.45558961689801]]]}}, {"type": "Feature", "properties": {}, "geometry": {"type": "MultiPolygon", "coordinates": [[[[-87.48010633382744, 30.411707474110756], [-87.40827771780614, 30.641464562953416], [-87.60105482476938, 30.860597872093933], [-87.59369398464483, 31.00073947900242], [-85.0072815324654, 31.00167331692866], [-84.88393802190085, 30.720939663641403], [-82.23988030385055, 30.565680868656244], [-82.19423210874983, 30.39343720974192], [-82.11227409781088, 30.37135468936829], [-82.02982170208745, 30.477702349675127], [-82.03819328443805, 30.73196993749967], [-81.957081220797, 30.814290497280567], [-81.50393911366724, 30.731431607401007], [-81.24950673091455, 29.79379241147666], [-81.10453113944666, 29.45696256464325], [-80.90002063359833, 29.049853174113252], [-80.52412340246212, 28.48608972487301], [-80.58497667626786, 28.271603632706643], [-80.45688707177226, 27.90067222207236], [-80.61001451901986, 28.17760460568337], [-80.60693834702751, 28.52288293916719], [-80.6934886432979, 28.344959348395562], [-80.73175402561698, 28.46291955797352], [-80.68845690482469, 28.578539679571577], [-80.7659434800462, 28.632823128907944], [-80.77100817750502, 28.732458142474343], [-80.83818957655217, 28.757649793825962], [-80.74860705360362, 28.38100549234875], [-80.22610825437499, 27.207050369440907], [-80.08864731163128, 26.99395954099964], [-80.04130722193477, 26.56861284508645], [-80.1263743638517, 25.83351760220104], [-80.15892685532785, 25.878341822660943], [-80.30082627480338, 25.618537125250185], [-80.36692002732467, 25.33126660647919], [-80.48463853767464, 25.229829835031552], [-80.7365440648622, 25.156342283400107], [-81.11049671584611, 25.13805004637419], [-81.16739491137598, 25.22853344826335], [-81.13602894338258, 25.309645511904407], [-80.96536731577862, 25.22430371177387], [-80.94040637732643, 25.264217043374572], [-81.11330921595341, 25.36723584613256], [-81.36492909859881, 25.83103469195008], [-81.71550284244088, 25.9831733696287], [-81.81149039493064, 26.146100621937634], [-81.86657584625074, 26.434997117333168], [-81.95894889664949, 26.489928760053644], [-81.82864005378798, 26.687056453120334], [-81.9701879107501, 26.552045461641953], [-82.03961052082025, 26.552045461641953], [-82.06692253358086, 26.891566958968667], [-82.01325431864295, 26.961560858123107], [-82.18110344613964, 26.936775700927626], [-82.18066399299788, 26.840096009739582], [-82.29006585263998, 26.87081378434887], [-82.71458857391237, 27.499583339584532], [-82.63584955723682, 27.524577237022342], [-82.4005443724794, 27.835380471534805], [-82.44570916912417, 27.902847515124094], [-82.49813592893659, 27.867910990353863], [-82.63593744786519, 27.981212996629125], [-82.67520258608178, 27.963766706901097], [-82.5965514600346, 27.87323935969775], [-82.66088739998882, 27.718409031525823], [-82.74285639725632, 27.70936728313403], [-82.84351313937732, 27.846004251236934], [-82.6606347144323, 28.485859011973588], [-82.65148310275508, 28.887486224560078], [-82.7693334490476, 29.051556055037594], [-83.29046994353673, 29.451897867184414], [-83.69437132613186, 29.92597991651921], [-84.04421997229002, 30.103793644005393], [-84.309682628901, 30.064759218688224], [-84.38282960434758, 29.90736907596552], [-84.54997560681744, 29.89786590177488], [-84.80055178825117, 29.773072195842502], [-85.3189417006043, 29.680204760659265], [-85.41379766125401, 29.767590017898996], [-85.41379766125401, 29.842472833255542], [-85.31488774537152, 29.758075857379808], [-85.35362553981801, 29.875750422415607], [-85.6757996243736, 30.12193207243169], [-85.62347174151807, 30.117076115215212], [-85.6634180321044, 30.189454047663702], [-85.60353155521054, 30.28678193223584], [-85.740805730369, 30.244385690384178], [-85.75579108250315, 30.166997992119576], [-86.45443368727925, 30.399128127927767], [-86.12383308873034, 30.40579682935403], [-86.25739388484091, 30.493017291665595], [-86.44795175343823, 30.495610065202], [-86.67964243610466, 30.402896438618384], [-87.20115246576431, 30.339230664705354], [-86.98579845364296, 30.43085664476311], [-86.99757579784223, 30.570328085630393], [-87.07201916005702, 30.500433063432865], [-87.17058849975464, 30.538786336380298], [-87.28104504693698, 30.339230664705354], [-87.47576673405251, 30.294274608302914], [-87.44373060001794, 30.363829054315588], [-87.48010633382744, 30.411707474110756]]], [[[-85.00827030203438, 29.60661833207091], [-85.11673832375023, 29.632787766662943], [-85.00054691306788, 29.62718473910546], [-84.73717165888029, 29.732444752886437], [-85.00827030203438, 29.60661833207091]]], [[[-80.17050644561333, 27.20479817208937], [-80.37607163900189, 27.643427339212366], [-80.436891953822, 27.8505525912542], [-80.39575913975291, 27.794555274664944], [-80.17050644561333, 27.20479817208937]]], [[[-82.08521477060678, 26.493598193787363], [-82.13559807331, 26.5919697795712], [-82.16913933435512, 26.700723445829198], [-82.12112907861743, 26.665534235502463], [-82.08521477060678, 26.493598193787363]]], [[[-82.07284416466612, 26.427537400251722], [-82.18438835837432, 26.480941943304572], [-82.20138420863205, 26.548046438051898], [-82.1160643811586, 26.460913866368685], [-82.037182542212, 26.453629930543954], [-82.07284416466612, 26.427537400251722]]], [[[-80.58058214485023, 24.954237783502933], [-80.35493394288305, 25.233653077364906], [-80.35128648180641, 25.296956302435973], [-80.25705674188372, 25.347603277024263], [-80.381828475159, 25.1422907691922], [-80.58058214485023, 24.954237783502933]]], [[[-80.6383043150209, 24.90318431475852], [-80.62567003719519, 24.941087148235653], [-80.61460680435128, 24.937934071943488], [-80.6383043150209, 24.90318431475852]]], [[[-80.848362916784, 24.803681137134646], [-80.79940783679152, 24.84630809188573], [-80.78519152765546, 24.835277818027464], [-80.7867735589658, 24.821039536234323], [-80.848362916784, 24.803681137134646]]], [[[-80.98892200417716, 24.727875470180393], [-81.13736927546496, 24.710506084752183], [-80.93048572265111, 24.75947215107321], [-80.98892200417716, 24.727875470180393]]], [[[-81.32231313017627, 24.68508372050114], [-81.37903554444944, 24.63627146277973], [-81.42009145421872, 24.74999094953965], [-81.32231313017627, 24.68508372050114]]], [[[-81.63150137439274, 24.590019019609088], [-81.57925039583702, 24.62937204845403], [-81.56229849089348, 24.689137675733917], [-81.53222890966829, 24.61415598342046], [-81.63150137439274, 24.590019019609088]]], [[[-81.73976065586625, 24.554500219426018], [-81.81141349063084, 24.557807104317803], [-81.7386510366833, 24.57542917530253], [-81.73976065586625, 24.554500219426018]]]]}}, {"type": "Feature", "properties": {}, "geometry": {"type": "MultiPolygon", "coordinates": [[[[-85.06744266757288, 31.11757908306886], [-85.09260135993885, 31.29571141408283], [-85.05488529404697, 31.572676756679456], [-85.1241321228604, 31.880535655142097], [-85.03462650421166, 32.14737160282108], [-84.92153323817874, 32.28588723310503], [-84.98596805508986, 32.36094582971829], [-85.2009705046978, 32.956229055551546], [-85.6236035774606, 35.00086170190747], [-83.11482052277374, 35.001476936305934], [-83.31671628242859, 34.80565661633598], [-83.35557492648906, 34.708317745435295], [-83.05278072548525, 34.510860462512284], [-82.84773188953825, 34.43691148508198], [-82.58926752420987, 34.017376556968614], [-82.0057176972617, 33.522892895527434], [-81.78032218085104, 33.19529156467105], [-81.57823965361096, 33.06857525124346], [-81.37697011468315, 32.60746805591924], [-81.29033192778441, 32.55723856181564], [-81.17150379825148, 32.38013894568482], [-81.13501820115653, 32.181857688121], [-81.07481312073489, 32.109699482243386], [-80.87234607199576, 32.02956520184274], [-80.9234324997258, 31.94489356775341], [-81.11328724329631, 31.878624033975427], [-81.06613392118506, 31.787986823486634], [-81.19790394574294, 31.704216068337914], [-81.16992176694113, 31.61031591827154], [-81.25935048129006, 31.538926755391998], [-81.17542591754172, 31.5313022433824], [-81.29497914475856, 31.371209463837843], [-81.3809471656161, 31.353257802996794], [-81.28846425193191, 31.26390599294767], [-81.36487416695608, 31.17189549139087], [-81.44176748043621, 31.19972386159307], [-81.52039663382631, 30.874649386301826], [-81.50393911366724, 30.731431607401007], [-81.957081220797, 30.814290497280567], [-82.03819328443805, 30.73196993749967], [-82.06175895916513, 30.404599319542726], [-82.16262444152848, 30.375716261800292], [-82.23988030385055, 30.565680868656244], [-84.88393802190085, 30.720939663641403], [-85.06744266757288, 31.11757908306886]]], [[[-81.46349843829644, 30.727762173667287], [-81.48463613441527, 30.897830539529878], [-81.41898183503577, 30.971438940775315], [-81.46349843829644, 30.727762173667287]]]]}}, {"type": "Feature", "properties": {}, "geometry": {"type": "Polygon", "coordinates": [[[-91.52993070706597, 40.43231576652286], [-91.73152983585013, 40.624653420344345], [-95.76502852487214, 40.601867774943884], [-95.85900008607405, 40.74510752650181], [-95.83401717496479, 40.889489856228295], [-95.9111686671657, 41.245183229171914], [-95.88362594150564, 41.28755749836651], [-95.94971969402692, 41.36742810688207], [-95.94356735004223, 41.46093274912087], [-96.05862716888454, 41.54578016446692], [-96.08663681350771, 41.82137221599555], [-96.29533311053135, 42.132911534520446], [-96.38375108265421, 42.41777604734028], [-96.62176989056204, 42.729535092436095], [-96.46129258951844, 43.12976704129747], [-96.56345445864999, 43.242684526073674], [-96.5349559224066, 43.33805684416498], [-96.59862169631963, 43.49750143032543], [-91.24525296183138, 43.50241231918463], [-91.21868801941176, 43.395284629551156], [-91.11719631632141, 43.331157429839266], [-91.16132839808304, 43.10233417892286], [-91.0695815684113, 42.78855364937496], [-90.68787256947526, 42.610322441404094], [-90.58963281963396, 42.44480241555877], [-90.16751610431274, 42.100304111401584], [-90.15244286155023, 41.98151992718283], [-90.21776757107342, 41.81311049693039], [-90.43667016731452, 41.56035902244494], [-91.04811428243613, 41.36909802882079], [-91.06650539641895, 41.20590710462679], [-90.95400539212741, 41.01557994892889], [-91.00012599935553, 40.9046839486048], [-91.10213405988745, 40.74978770246159], [-91.39418363157513, 40.53665292870613], [-91.39077786972646, 40.39712655619613], [-91.52993070706597, 40.43231576652286]]]}}, {"type": "Feature", "properties": {}, "geometry": {"type": "Polygon", "coordinates": [[[-117.03905399461493, 48.99308269465271], [-116.04849365409368, 48.99308269465271], [-116.04901001153524, 48.00471961984027], [-115.71838194716497, 47.68147986141591], [-115.66967955272901, 47.4978543661299], [-115.71331724970615, 47.446745965742764], [-115.30667477813928, 47.231172227050536], [-114.75368891720079, 46.73456820420034], [-114.66162348400128, 46.74554354641589], [-114.56299921266094, 46.65043490020966], [-114.33686761223782, 46.65922396304495], [-114.48535882883982, 46.158214422448566], [-114.4783056059145, 46.03558502323938], [-114.39678704811732, 45.89095000795638], [-114.52253656463303, 45.81513335467358], [-114.4957958409567, 45.68584624036666], [-114.52923273188065, 45.575719283040655], [-114.29764092617113, 45.48756498280284], [-113.9919243617746, 45.69302031290596], [-113.80227286528215, 45.601097701977494], [-113.69711172845807, 45.3049831887285], [-113.44712880876573, 45.029083520000654], [-113.46079580147459, 44.903619648027075], [-113.33889149994931, 44.808071548679095], [-113.14070911934238, 44.76548853924217], [-112.99968860615037, 44.480360354537254], [-112.85385608105605, 44.3983254392985], [-112.71592821934921, 44.49803735716472], [-112.37538499346789, 44.470022219377285], [-112.23131028094062, 44.56069238885169], [-111.49985700596758, 44.54485010309111], [-111.44810041219635, 44.71111719927745], [-111.37252545814152, 44.7462404916329], [-111.05143352694752, 44.49888330446262], [-111.0502964419432, 42.000877838077514], [-117.01667484337061, 42.00055923454974], [-117.02049808570396, 43.81319358104], [-116.91242007865142, 44.19947289265039], [-117.13974369572156, 44.290263911738776], [-117.19731205729262, 44.34380029073415], [-117.20170109554599, 44.436206300118556], [-116.85585696614214, 44.9057400094361], [-116.47704286477747, 45.64108793787801], [-116.5209167678183, 45.721914356976924], [-116.86919436899467, 45.95848296951692], [-116.93019595823577, 46.05595367636013], [-116.94296207200401, 46.23210846823616], [-117.03899906297221, 46.39655183388416], [-117.03905399461493, 48.99308269465271]]]}}, {"type": "Feature", "properties": {}, "geometry": {"type": "Polygon", "coordinates": [[[-91.39077786972646, 40.39712655619613], [-91.39418363157513, 40.53665292870613], [-91.10213405988745, 40.74978770246159], [-90.95400539212741, 41.01557994892889], [-91.06650539641895, 41.20590710462679], [-91.04811428243613, 41.36909802882079], [-90.43667016731452, 41.56035902244494], [-90.17661278434724, 41.88364272618347], [-90.16751610431274, 42.100304111401584], [-90.6505849703966, 42.51298357050342], [-87.81208487776289, 42.49711267589386], [-87.79746093749999, 42.21142578125], [-87.52124488500166, 41.72778061035759], [-87.5329176151389, 39.37485967149661], [-87.64728529528293, 39.168745161680846], [-87.51767957744825, 38.81182131994029], [-87.68066176139989, 38.48798829977454], [-87.8729554699072, 38.295024425226046], [-87.98041274939699, 38.24918946254007], [-87.95805557080975, 38.14429199760107], [-88.09531875963968, 37.8755664014125], [-88.04199112088664, 37.78885131021396], [-88.1289588976417, 37.69951048649337], [-88.10751358432363, 37.53435300948999], [-88.19050431014571, 37.464556864249346], [-88.49467180221754, 37.3642846436274], [-88.4716664302462, 37.08838497489954], [-88.87260150413441, 37.18553707821496], [-89.04620746778821, 37.1829772636642], [-89.134603467254, 37.10246944809306], [-89.1543129406621, 36.992111777867635], [-89.27239399985403, 37.07998043356331], [-89.30082661812615, 37.01205196417516], [-89.41394185681615, 37.10241451645034], [-89.48691305100604, 37.21273922769015], [-89.46197408521094, 37.434124734182205], [-89.52342062075806, 37.64452391213018], [-89.82296286851282, 37.88409179236271], [-90.17358055766907, 38.069046633402564], [-90.36577538921948, 38.25425415999891], [-90.13420555616703, 38.84666995408216], [-90.47796777631177, 38.948117711858345], [-90.57707544610805, 38.90961063031128], [-90.91937648455644, 39.38690068758095], [-91.4258682030963, 39.8268152551436], [-91.49978422154098, 40.2260254754504], [-91.44195218808485, 40.37944955356869], [-91.39077786972646, 40.39712655619613]]]}}, {"type": "Feature", "properties": {}, "geometry": {"type": "Polygon", "coordinates": [[[-88.09531875963968, 37.8755664014125], [-87.95805557080975, 38.14429199760107], [-87.98041274939699, 38.24918946254007], [-87.8729554699072, 38.295024425226046], [-87.68066176139989, 38.48798829977454], [-87.51767957744825, 38.81182131994029], [-87.64728529528293, 39.168745161680846], [-87.5329176151389, 39.37485967149661], [-87.52124488500166, 41.72778061035759], [-87.4125, 41.656494140625], [-87.25322265624999, 41.637646484375], [-86.86259675012106, 41.760586695493515], [-84.7963989560615, 41.75972792653462], [-84.82171145702709, 39.09198368414326], [-84.86388797230788, 38.93323123668108], [-84.78962039134979, 38.86837893928529], [-84.80073855583642, 38.819390900307184], [-85.16989018124656, 38.69037844421385], [-85.40542607890342, 38.72996218595824], [-85.45867681335665, 38.530208760369504], [-85.70628668608346, 38.30135255046744], [-85.78845343726475, 38.28521363383618], [-86.02133064341393, 37.98435302665612], [-86.20752693957925, 38.036571046226214], [-86.36144540248203, 38.178986823143305], [-86.45737802332907, 38.1201550337897], [-86.59923349749043, 37.87479735841441], [-86.8690796991905, 37.97613525290514], [-87.14103527597102, 37.80524291240174], [-87.37238538245258, 37.923477780193295], [-87.58738783206053, 37.95568969548458], [-87.64325331270724, 37.83303832361831], [-87.71445570800152, 37.899604488266974], [-87.8744276379321, 37.91574340489825], [-87.93811538450223, 37.79381713071588], [-88.04199112088664, 37.78885131021396], [-88.09531875963968, 37.8755664014125]]]}}, {"type": "Feature", "properties": {}, "geometry": {"type": "Polygon", "coordinates": [[[-102.01278327980663, 37.00084590906019], [-102.02448921287036, 40.001124343824216], [-95.34668012024153, 40.00148689266618], [-95.11620342687924, 39.872089915073815], [-94.92993571957837, 39.86149909435733], [-94.89859721740635, 39.741143865156744], [-95.07535625735228, 39.59737676982871], [-95.05793743344563, 39.508958797705844], [-94.77785197354247, 39.19399174467517], [-94.62238443831497, 39.124404339676886], [-94.61806681119714, 37.00084590906019], [-102.01278327980663, 37.00084590906019]]]}}, {"type": "Feature", "properties": {}, "geometry": {"type": "MultiPolygon", "coordinates": [[[[-89.16506855630676, 37.041561242644605], [-89.04620746778821, 37.1829772636642], [-88.87260150413441, 37.18553707821496], [-88.4716664302462, 37.08838497489954], [-88.49467180221754, 37.3642846436274], [-88.19050431014571, 37.464556864249346], [-88.10751358432363, 37.53435300948999], [-88.1289588976417, 37.69951048649337], [-88.0217762763655, 37.800430900499435], [-87.93811538450223, 37.79381713071588], [-87.8921156268881, 37.91298583643369], [-87.71445570800152, 37.899604488266974], [-87.64325331270724, 37.83303832361831], [-87.58738783206053, 37.95568969548458], [-87.45728772944135, 37.93810058348549], [-87.14103527597102, 37.80524291240174], [-86.8690796991905, 37.97613525290514], [-86.59923349749043, 37.87479735841441], [-86.45737802332907, 38.1201550337897], [-86.36144540248203, 38.178986823143305], [-86.20752693957925, 38.036571046226214], [-86.02133064341393, 37.98435302665612], [-85.78845343726475, 38.28521363383618], [-85.70628668608346, 38.30135255046744], [-85.45867681335665, 38.530208760369504], [-85.40542607890342, 38.72996218595824], [-85.16989018124656, 38.69037844421385], [-84.80073855583642, 38.819390900307184], [-84.78962039134979, 38.86837893928529], [-84.86388797230788, 38.93323123668108], [-84.86060306007319, 39.039710732930445], [-84.76590090802308, 39.12499760141827], [-84.43005983075865, 39.0908960376174], [-84.22728516482029, 38.86520389033603], [-83.68987791775731, 38.64953127468692], [-83.53838743346279, 38.69985964574741], [-83.35697019021416, 38.6274048089991], [-83.20346920779605, 38.63890749498478], [-82.88043818961403, 38.71025271255013], [-82.75822627088951, 38.541162129927955], [-82.5894982371093, 38.42034547492855], [-82.61771112881053, 38.149873052501476], [-82.39387567105314, 37.828314202344345], [-82.28024407492155, 37.687183825866896], [-82.10346306231853, 37.57057493469988], [-81.9652770218909, 37.53972532414805], [-82.6815856429659, 37.138120084218656], [-82.89450069015047, 36.90637446990951], [-83.15021847334282, 36.76233271636788], [-83.7303845110994, 36.58681513154741], [-86.50758554477558, 36.664840036867574], [-87.83915053697702, 36.6439660126338], [-88.0962965428801, 36.69300898325464], [-88.05910782075834, 36.4996825598642], [-89.4503285769542, 36.500023136049066], [-89.39746236400002, 36.58779291478784], [-89.2030482940837, 36.62551996700826], [-89.12951679713808, 36.81105708346094], [-89.16506855630676, 37.041561242644605]]], [[[-89.5573134443166, 36.5010778235893], [-89.53558248645638, 36.55528436862586], [-89.48722066820527, 36.50306634905577], [-89.5573134443166, 36.5010778235893]]]]}}, {"type": "Feature", "properties": {}, "geometry": {"type": "MultiPolygon", "coordinates": [[[[-94.04130653528924, 33.01199565924138], [-91.1499575480399, 33.015917778531616], [-91.09608059285966, 32.93768413296911], [-91.13558743030423, 32.75578349126452], [-91.09208156926961, 32.72585673231042], [-91.14964993084067, 32.62501322260417], [-91.1038149681547, 32.49049661591026], [-90.93764674892526, 32.27732888316919], [-91.15652737250927, 31.97068946717495], [-91.37252957801472, 31.773715582707865], [-91.50572782528333, 31.51870092454233], [-91.52895292382556, 31.34519383784543], [-91.61824980223196, 31.276957751258053], [-91.59636503577212, 31.109910625745087], [-91.65644926657977, 31.001805152871185], [-89.73531393938804, 31.00115695948709], [-89.8353664334391, 30.73081637300254], [-89.81999655980592, 30.611208214142977], [-89.68576559765415, 30.462684038555352], [-89.59165670734544, 30.223017281365912], [-89.5208608062073, 30.192629096612947], [-89.58848165839619, 30.165965277236424], [-89.95424949461476, 30.26874238076644], [-90.04521629495987, 30.351403516732205], [-90.22528221979759, 30.37928681857713], [-90.41306054727326, 30.140301213757425], [-90.17533837023613, 30.029097596234095], [-89.73743430079703, 30.171985785278594], [-89.66506735467708, 30.117054142558118], [-89.8151845479036, 30.00726776141697], [-89.74381735768115, 29.929858090495273], [-89.63167990223158, 29.903831478174325], [-89.49444967238729, 30.058167421561762], [-89.40073628990615, 30.046049501177635], [-89.35446187407842, 29.82022551795376], [-89.53066061126863, 29.772215262216065], [-89.59088766434735, 29.725270680347137], [-89.55931295611163, 29.698035571886322], [-89.68294211121832, 29.674854418658285], [-89.72087790368109, 29.619307541539342], [-89.51367574733945, 29.420070473392173], [-89.18077900612482, 29.335706456502066], [-89.01575336506397, 29.20287075807542], [-89.02137836527855, 29.14272060929649], [-89.1555104504734, 29.01663051659591], [-89.23609517034434, 29.08112026514975], [-89.37614888662446, 28.98133144298373], [-89.35353902248072, 29.070243799891102], [-89.44314351808636, 29.19413662688285], [-89.62026510687427, 29.302395908356374], [-89.79237692984606, 29.33320157359401], [-89.8772463178492, 29.45801725218348], [-90.15906761766233, 29.537140790358052], [-90.05233543585643, 29.43140836444968], [-90.1358644917772, 29.13607388052732], [-90.21280175057149, 29.10493862543335], [-90.30161523052196, 29.25581387532941], [-90.50251123427928, 29.299759189505792], [-90.75102198594672, 29.130888333454507], [-91.290132113934, 29.288992587532576], [-91.23749661387924, 29.330971348899567], [-91.15075955002362, 29.31789761793209], [-91.24397854772026, 29.457325113485197], [-91.2488454912653, 29.56418913123362], [-91.33092435181824, 29.51357511563097], [-91.51419828459083, 29.555378095741247], [-91.67246733359707, 29.746089772938205], [-91.82438628470481, 29.75069304459818], [-91.89317168771939, 29.83601287207162], [-92.13547516375941, 29.6994747809256], [-92.05887848114997, 29.61718718013033], [-92.08403717351597, 29.592819503419534], [-92.26082367928326, 29.556850263766165], [-92.67131685900483, 29.59708219889464], [-93.17570469562853, 29.778960867942132], [-93.69484167832265, 29.769919119550337], [-93.82646338744519, 29.72513884440461], [-93.86573951199033, 29.755625906114474], [-93.88387794041662, 29.810019218736286], [-93.8088138506391, 29.85081145662052], [-93.79400977292593, 29.977264098163047], [-93.71062903244051, 30.112813419740093], [-93.75039404860587, 30.34471284264886], [-93.72021460409523, 30.558265096888974], [-93.57919409090323, 30.823804657799755], [-93.53059057342415, 31.046189920189335], [-93.55774877758516, 31.180420882341096], [-93.80690222947243, 31.568798582703394], [-93.84558509227618, 31.792941657660023], [-94.04330055391999, 31.9992319487325], [-94.04130653528924, 33.01199565924138]]], [[[-89.220439652169, 30.037601014527226], [-89.34200337750943, 30.062847597521554], [-89.18467915275798, 30.168678900386823], [-89.22395527730312, 30.08405121161165], [-89.220439652169, 30.037601014527226]]], [[[-88.85566058551942, 29.775862723292704], [-88.82798602391684, 29.92835296348474], [-88.8668666406344, 30.056717226193953], [-88.81258319129802, 29.93336272930084], [-88.85566058551942, 29.775862723292704]]], [[[-88.94358417285781, 29.6602316153661], [-88.90115497202052, 29.732631520471685], [-88.87265643577713, 29.752989187263893], [-88.88930072352143, 29.712581470878703], [-88.94358417285781, 29.6602316153661]]], [[[-91.83084624588874, 29.48647184311268], [-91.99623443579155, 29.57311003001142], [-92.00664947525135, 29.610287765804642], [-91.87523101320689, 29.640983567756848], [-91.7676748567602, 29.58471159295398], [-91.83084624588874, 29.48647184311268]]]]}}, {"type": "Feature", "properties": {}, "geometry": {"type": "MultiPolygon", "coordinates": [[[[-71.38713452852303, 42.01686294610917], [-72.80645831313468, 42.00802993795972], [-73.50728719729106, 42.080012362580646], [-73.25332722666576, 42.752221860879644], [-71.32962109859469, 42.702486751560514], [-70.97408153425069, 42.8716762111396], [-70.80611155714001, 42.8767628812555], [-70.82905101114008, 42.825346863669125], [-70.78133738627308, 42.72124041438528], [-70.73567820484382, 42.669286066700266], [-70.623980202536, 42.671757990622694], [-70.61294992867774, 42.62326433642906], [-70.8311713725491, 42.55256731224779], [-71.04617382215703, 42.33111588778448], [-70.73825999205168, 42.22886612802458], [-70.61769602260878, 42.04042862083625], [-70.65614817251311, 41.98704605044051], [-70.54892160592274, 41.938629300546665], [-70.5146772198508, 41.80331069186906], [-70.4266767282126, 41.757299947926384], [-70.29546700641048, 41.728955220282614], [-70.00140693659922, 41.82618422789787], [-70.11023750715702, 42.03014541731898], [-70.19622750067165, 42.03511123782093], [-70.2410846801172, 42.09122940402415], [-70.10894112038882, 42.078309481656305], [-69.97789619351485, 41.96126113734752], [-69.93384101605304, 41.71042128402874], [-69.94863960060192, 41.677143694868676], [-70.40466012581022, 41.62689222810798], [-70.65712595575354, 41.53423353316708], [-70.66645334868747, 41.7101136668295], [-70.70112620157263, 41.714848774432], [-70.97424632917884, 41.54852674660293], [-71.16853954948117, 41.48940931270715], [-71.20427807623511, 41.64113050990113], [-71.14873119911617, 41.74572035764089], [-71.23376538204747, 41.70655409638121], [-71.34072827675277, 41.79791640455389], [-71.38713452852303, 42.01686294610917]]], [[[-70.78531443720604, 41.32744885731012], [-70.8291828470826, 41.359001592888745], [-70.67371531185512, 41.4485291841946], [-70.61599314168444, 41.457208383744415], [-70.50989816693412, 41.37633801933134], [-70.78531443720604, 41.32744885731012]]], [[[-69.97794013882903, 41.26559582760686], [-70.23307564660855, 41.28633801589811], [-70.06269966354672, 41.328481572193255], [-70.04119941858593, 41.397475715450184], [-69.97794013882903, 41.26559582760686]]]]}}, {"type": "Feature", "properties": {}, "geometry": {"type": "MultiPolygon", "coordinates": [[[[-77.01973728245227, 38.806525909582035], [-76.93124240602958, 38.88822024863592], [-77.04211643369659, 39.01178348577136], [-77.12205296018344, 38.94353641285545], [-77.4809213820763, 39.11295658533393], [-77.47885595231001, 39.220864304294054], [-77.73904517121981, 39.35433720977625], [-77.85542334948742, 39.59970587148007], [-78.09778175717015, 39.67788458539985], [-78.40676126114428, 39.627863831538576], [-78.49554178210913, 39.533348447073735], [-78.67767313671314, 39.549520322690654], [-78.77776957607838, 39.62662237641311], [-78.97148052096787, 39.45364263348634], [-79.07534527102375, 39.47598882574502], [-79.48798078481141, 39.210910690633085], [-79.47749982738036, 39.7227966964881], [-75.78472014549637, 39.72235724334635], [-75.70702483003252, 38.45507325945644], [-75.0387484373523, 38.42636598297071], [-75.0743551281637, 38.36572144940732], [-75.07339931758037, 38.410007339768555], [-75.11675137001538, 38.40620607009228], [-75.16000454549348, 38.25505616198262], [-75.22542813197356, 38.242290048214386], [-75.37596280568475, 38.02499145594075], [-75.62000212163474, 37.999206542847745], [-75.65925627352279, 37.95396484190316], [-75.85081389801763, 37.97155395390226], [-75.7953439251985, 38.08666870438728], [-75.92806976033971, 38.16924194972469], [-75.8587020819123, 38.36207398833065], [-76.05121551699048, 38.279544688307425], [-76.21167084537699, 38.36132691798966], [-76.29487031144141, 38.49465700120081], [-76.26417450948922, 38.59997194662449], [-76.0009420775727, 38.60172975919156], [-76.21296723214519, 38.75828494094492], [-76.27831391432547, 38.77246829109535], [-76.34117768625478, 38.70964846448021], [-76.30031953039929, 38.81820437682441], [-76.16813202535674, 38.85274539376704], [-76.19104950669971, 38.915554234053644], [-76.33066376983808, 38.90861087441377], [-76.3295980959693, 38.95278690148956], [-76.31275605431121, 39.00935550716312], [-76.1857101510273, 38.99074466660943], [-76.13519501238154, 39.08210697478211], [-76.13294281503, 39.122965130637596], [-76.21684540612125, 39.06363895649949], [-76.23569794590293, 39.19161869770966], [-76.1531247005655, 39.31503911257403], [-76.07436371123288, 39.36886113611155], [-75.87598357671216, 39.37599126333666], [-76.00310638429588, 39.410850883807086], [-75.8729293773769, 39.51089239152961], [-75.97040008422012, 39.50456426628821], [-75.95891937089154, 39.58505010920226], [-76.06300384751829, 39.56112188563321], [-76.14136932902332, 39.40322637179747], [-76.21581269123811, 39.37994634161254], [-76.24766205768744, 39.43860234970947], [-76.27636933417317, 39.32274052888343], [-76.3308175784377, 39.403896537838676], [-76.42088349984219, 39.224995163826605], [-76.57040743132733, 39.269335985830594], [-76.42760713291118, 39.12604130262994], [-76.47307954675519, 39.03061405289594], [-76.55855318282825, 39.06521000148129], [-76.49377778973226, 38.9452173211227], [-76.53687715661074, 38.742618436441035], [-76.50131441111351, 38.5321753131789], [-76.39408784452314, 38.368973402656366], [-76.57242891577944, 38.435792252861546], [-76.67732638071845, 38.61195803106611], [-76.66854830421173, 38.537514668851315], [-76.6419833617921, 38.454348161772515], [-76.40876557945805, 38.26826172889264], [-76.34117768625478, 38.08703125322924], [-76.4544247608873, 38.17353760418544], [-76.76916110101855, 38.262933359548754], [-76.86811496221522, 38.39029786636044], [-76.88974704311853, 38.29208008917624], [-77.0011813735413, 38.44525148173801], [-77.23252049369431, 38.40771119710283], [-77.22091893075175, 38.540953389685626], [-77.01818821012756, 38.777741728796514], [-77.03036106215441, 38.889252963519084], [-77.01973728245227, 38.806525909582035]]], [[[-75.25247647284912, 38.037449952509746], [-75.22599942105785, 38.07229858665161], [-75.09788784390516, 38.2980786245613], [-75.13623013052405, 38.18053589546804], [-75.25247647284912, 38.037449952509746]]]]}}, {"type": "Feature", "properties": {}, "geometry": {"type": "MultiPolygon", "coordinates": [[[[-69.04857364829839, 47.27365635953055], [-68.82871524147396, 47.20332188419127], [-68.23549744540699, 47.34594640135069], [-67.80678893295931, 47.08281284639108], [-67.76705138261532, 45.92698516558099], [-67.8006975757563, 45.755502766983355], [-67.86298828125, 45.739599609375], [-67.62548828125, 45.60224609375], [-67.43264951439015, 45.603108200101076], [-67.42443174063916, 45.53040067779625], [-67.4936565967955, 45.474073771350675], [-67.42794736577328, 45.377954382918375], [-67.47254087333376, 45.27589139074374], [-67.31529355288212, 45.15383328061884], [-67.24958432185988, 45.20077786248777], [-67.12483456124168, 45.16944485348], [-67.08044979392355, 44.98917018839995], [-67.10672909180101, 44.88504176645901], [-66.98702205598455, 44.82770411778739], [-67.19124691729074, 44.675565440108755], [-67.3640728516179, 44.6968569448272], [-67.55600401128325, 44.64477076119965], [-67.65299131967052, 44.56239526977603], [-67.83905577989331, 44.57624903007013], [-67.90701720826709, 44.45361963086094], [-67.96269592132856, 44.46430932853434], [-68.05661804405203, 44.3843178704048], [-68.1520343074575, 44.502014408097665], [-68.27743226145981, 44.507364750098645], [-68.37374940380589, 44.44513818522489], [-68.45059877197183, 44.50759546299807], [-68.5325348102537, 44.25864525818889], [-68.81191714513004, 44.33936181400236], [-68.71011782484045, 44.44255639801705], [-68.7949432675294, 44.454498537144474], [-68.76272036590957, 44.57076685212664], [-68.9614740356008, 44.433855225810106], [-68.956167638914, 44.3480959451949], [-69.0683600260063, 44.09756370907536], [-69.22605778592825, 43.98645896850891], [-69.34454533927631, 44.00092796320149], [-69.52073309013797, 43.89737083034487], [-69.55670232979134, 43.98276756211811], [-69.6239386604812, 43.88062766564366], [-69.65287664986634, 43.9938747402762], [-69.72984686764627, 43.85199729345774], [-69.79529242678345, 43.91063132889758], [-69.80834418509383, 43.77231345252741], [-69.87252631644844, 43.81954367893849], [-69.97432563673803, 43.78787009374585], [-69.96522895670351, 43.85510642443572], [-70.17881416992927, 43.766369848785075], [-70.26924264017572, 43.67190939596293], [-70.20257759857014, 43.626118378591144], [-70.52069772789297, 43.3488234461382], [-70.64232737120464, 43.13442524460018], [-70.73309641763596, 43.07003437300324], [-70.96754466876695, 43.458148401480486], [-71.08454906776156, 45.294007846512955], [-70.9601838286424, 45.333097203472846], [-70.86505320977908, 45.27069485734239], [-70.79919017015723, 45.40477201089453], [-70.68978831051513, 45.428337685621614], [-70.70221384809851, 45.55138456531546], [-70.4210956733122, 45.73824004119345], [-70.2962470357371, 45.90608916869013], [-70.24829171164212, 46.25087311738946], [-70.06721504457835, 46.441046464487755], [-70.0076801301979, 46.708937099706986], [-69.35888249802636, 47.35064854996756], [-69.24287785492926, 47.4629947456595], [-69.05022159758, 47.42661901184999], [-69.04857364829839, 47.27365635953055]]], [[[-68.18725647676987, 44.33248437233374], [-68.30925965525205, 44.32150903011819], [-68.3151043820375, 44.249702386753995], [-68.41170716892573, 44.294350825957196], [-68.40948793055983, 44.36426782081182], [-68.29943787753362, 44.45650903526803], [-68.23804627362922, 44.43840356582737], [-68.18725647676987, 44.33248437233374]]], [[[-68.62319399339957, 44.19606713080171], [-68.70171328350422, 44.18267479630646], [-68.67673037239494, 44.256217279580625], [-68.62319399339957, 44.19606713080171]]]]}}, {"type": "Feature", "properties": {}, "geometry": {"type": "MultiPolygon", "coordinates": [[[[-82.41723260553788, 43.01737690029137], [-82.54532221003349, 42.62468157281123], [-82.6451155228481, 42.55806116089923], [-82.64990234375, 42.686572265624996], [-82.787353515625, 42.66455078125], [-82.902001953125, 42.393994140625], [-83.10483398437499, 42.286425781249996], [-83.17656249999999, 42.04892578125], [-83.46419675680451, 41.73944716404222], [-84.79611331151935, 41.701434467279654], [-84.7963989560615, 41.75972792653462], [-86.86259675012106, 41.760586695493515], [-86.632470703125, 41.911328125], [-86.407373046875, 42.22373046875], [-86.23271484374999, 42.65], [-86.248486328125, 43.02880859375], [-86.542138671875, 43.6373046875], [-86.43803710937499, 43.812744140625], [-86.519189453125, 44.07373046875], [-86.2958984375, 44.330615234374996], [-86.2421875, 44.551318359374996], [-86.258740234375, 44.699023437499996], [-86.12583007812499, 44.74775390625], [-86.05766601562499, 44.916357421875], [-85.8578125, 44.9615234375], [-85.565869140625, 45.20654296875], [-85.647216796875, 44.8375], [-85.59326171875, 44.815673828125], [-85.494091796875, 44.994433593749996], [-85.54936523437499, 44.771874999999994], [-85.38901367187499, 45.032763671874996], [-85.37568359375, 45.276953125], [-85.2228515625, 45.35615234375], [-84.929833984375, 45.41259765625], [-85.0546875, 45.466650390625], [-85.09873046874999, 45.553124999999994], [-84.95546875, 45.743408203125], [-84.981396484375, 45.767041015625], [-84.77197265625, 45.794775390625], [-84.24228515624999, 45.644433593749994], [-84.07280273437499, 45.509130859375], [-83.415283203125, 45.2990234375], [-83.2787109375, 45.046777343749994], [-83.425927734375, 45.058935546875], [-83.4515625, 44.991992187499996], [-83.299560546875, 44.785205078124996], [-83.33056640625, 44.37509765625], [-83.51249999999999, 44.270751953125], [-83.61396484375, 44.058251953124994], [-83.87880859375, 43.962548828124994], [-83.93828124999999, 43.737548828125], [-83.84799804687499, 43.663623046874996], [-83.66787109375, 43.620996093749994], [-83.468896484375, 43.730908203125], [-83.352978515625, 43.879345703125], [-83.382568359375, 43.924072265625], [-82.99462890625, 44.061083984374996], [-82.87822265624999, 44.047753906249994], [-82.663330078125, 43.85419921875], [-82.41723260553788, 43.01737690029137]]], [[[-87.60584286301022, 45.10855443952813], [-87.72091566918546, 45.24276761018331], [-87.66422621389793, 45.37128568149211], [-87.87491103638804, 45.385392127342726], [-87.79455702941652, 45.59603300451869], [-87.80908095575182, 45.68604399428045], [-88.11611587957366, 45.81580352071475], [-88.09648331046535, 45.878414607087564], [-88.15174454304216, 45.945409238549445], [-88.83733538950787, 46.036617738122516], [-89.11928852526353, 46.14919464671388], [-90.1185500379917, 46.341664136477874], [-90.23037987624204, 46.50976594953107], [-90.41258813514587, 46.58527498561463], [-89.860595703125, 46.792773437499996], [-89.35498046875, 46.88193359375], [-88.94809570312499, 47.04296875], [-88.65048828124999, 47.231982421874996], [-88.63271484375, 47.166894531249994], [-88.466015625, 47.012548828125], [-88.44912109375, 46.801513671875], [-88.216259765625, 46.951562499999994], [-87.777587890625, 46.887890625], [-87.63749999999999, 46.826513671875], [-87.35810546875, 46.5244140625], [-87.034130859375, 46.543212890625], [-86.91362304687499, 46.483300781249994], [-86.63749999999999, 46.452978515625], [-86.13203125, 46.686816406249996], [-85.61611328125, 46.690576171874994], [-85.0146484375, 46.783496093749996], [-84.967919921875, 46.770703125], [-85.034326171875, 46.505761718749994], [-84.63486328124999, 46.482275390625], [-84.52836914062499, 46.436083984374996], [-84.32744140624999, 46.491455078125], [-84.20224609374999, 46.283154296875], [-84.24794921875, 46.203027343749994], [-84.0548828125, 46.158935546875], [-84.040771484375, 46.088183593749996], [-83.89414062499999, 46.001318359375], [-83.97880859374999, 45.9615234375], [-84.473095703125, 45.989990234375], [-84.63154296875, 46.052636718749994], [-84.72490234374999, 45.95751953125], [-84.713330078125, 45.870507812499994], [-84.75693359374999, 45.86279296875], [-85.10063476562499, 46.046191406249996], [-85.47880859374999, 46.107568359374994], [-85.61479492187499, 46.020458984375], [-85.913720703125, 45.941162109375], [-86.12294921875, 45.9689453125], [-86.27177734374999, 45.936669921874994], [-86.351318359375, 45.830957031249994], [-86.527490234375, 45.753173828125], [-86.62197265625, 45.62275390625], [-86.69140625, 45.701416015625], [-86.55927734375, 45.806298828124994], [-86.56333007812499, 45.88251953125], [-86.75361328125, 45.85947265625], [-86.937890625, 45.700244140624996], [-86.99277343749999, 45.7896484375], [-86.98232421875, 45.917285156249996], [-87.08486328125, 45.729785156249996], [-87.59282226562499, 45.17783203125], [-87.60584286301022, 45.10855443952813]]], [[[-88.95517578124999, 47.926025390625], [-88.93037109375, 47.896240234375], [-89.19521484375, 47.851806640625], [-89.169091796875, 47.91708984375], [-89.20009765625, 47.91708984375], [-89.146630859375, 47.95263671875], [-88.48486328125, 48.167431640625], [-88.624755859375, 48.042041015624996], [-88.95517578124999, 47.926025390625]]], [[[-88.020654296875, 47.392382812499996], [-87.97490234374999, 47.354931640625], [-88.221875, 47.210595703124994], [-88.40224609375, 47.019287109375], [-88.46865234375, 47.047607421875], [-88.40908203125, 47.1314453125], [-88.416748046875, 47.191455078124996], [-88.43408203125, 47.122314453125], [-88.61572265625, 47.174169921875], [-88.561962890625, 47.27216796875], [-88.3203125, 47.42109375], [-87.994287109375, 47.484228515625], [-87.74101562499999, 47.433642578124996], [-88.020654296875, 47.392382812499996]]], [[[-84.1955078125, 46.30341796875], [-84.11557617187499, 46.260791015624996], [-84.13486328124999, 46.2404296875], [-84.1955078125, 46.30341796875]]], [[[-85.998486328125, 45.150146484375], [-85.976220703125, 45.1021484375], [-86.015771484375, 45.089160156249996], [-86.0595703125, 45.146826171875], [-85.998486328125, 45.150146484375]]], [[[-85.50146484375, 45.750244140625], [-85.50908203124999, 45.624462890625], [-85.612060546875, 45.609277343749994], [-85.57285156249999, 45.737890625], [-85.538525390625, 45.775390625], [-85.50146484375, 45.750244140625]]], [[[-83.50346679687499, 46.013134765625], [-83.518017578125, 45.957861328125], [-83.58828125, 45.94111328125], [-83.875146484375, 45.991259765624996], [-83.714794921875, 46.037499999999994], [-83.68388671874999, 46.106249999999996], [-83.50346679687499, 46.013134765625]]], [[[-84.416748046875, 45.814306640625], [-84.374755859375, 45.765380859375], [-84.4123046875, 45.736279296875], [-84.56308593749999, 45.803857421874994], [-84.416748046875, 45.814306640625]]], [[[-84.13271484375, 46.340673828125], [-84.274169921875, 46.4875], [-84.21552734375, 46.536083984375], [-84.14243164062499, 46.530908203124994], [-84.13271484375, 46.340673828125]]]]}}, {"type": "Feature", "properties": {}, "geometry": {"type": "Polygon", "coordinates": [[[-97.2257378091094, 48.9931815716096], [-95.16204388272948, 48.99176433522743], [-95.1552982770034, 49.36967206448722], [-94.93934001681212, 49.34941327465191], [-94.85433329970218, 49.30458905419198], [-94.80346110537874, 49.0029484176853], [-94.70509501275919, 48.80852336144045], [-94.6208848044687, 48.742605390175896], [-94.05518226824043, 48.65902140261241], [-93.70773962803342, 48.52546060650184], [-93.46361791461935, 48.56127603755559], [-93.3778860998255, 48.6165372701324], [-92.99625400518927, 48.61181314885843], [-92.50057832710105, 48.43533975345463], [-92.41458833358642, 48.27658730599245], [-92.17178497959765, 48.33839639038155], [-92.00515533456935, 48.30183388898678], [-91.51830717146632, 48.05831093047837], [-91.38724027193527, 48.058541643377794], [-90.91604762700757, 48.20915322138879], [-90.84031886435312, 48.20051796715313], [-90.74440821616317, 48.10460731896319], [-90.09177635532974, 48.11809853041535], [-89.99364646877389, 48.01531044055679], [-89.57754796073472, 48.00175621175216], [-90.84672851562499, 47.585253906249996], [-92.29164582401373, 46.660718103726936], [-92.29262910041842, 46.08437530830372], [-92.69394869580567, 45.90901153208287], [-92.89652011466598, 45.658578172920215], [-92.89248813209029, 45.594758590407565], [-92.75746066111908, 45.543243695864305], [-92.6826053115839, 45.43309476588121], [-92.79303988610914, 45.07135891223831], [-92.76980929440265, 44.72584986585508], [-92.0551211567879, 44.399819579980516], [-91.84097564080639, 44.19415550963504], [-91.38269193191802, 43.99079856828385], [-91.27843167403455, 43.79742819957923], [-91.24525296183138, 43.50241231918463], [-96.4536186390304, 43.50117086405916], [-96.45366807750884, 45.29733670406182], [-96.69610888265566, 45.431776406455896], [-96.85106006044158, 45.62600370878695], [-96.61468920181537, 45.7999722212827], [-96.55640123572468, 45.94277251969888], [-96.56084520562077, 46.1382412771554], [-96.78664721618755, 46.64821566184375], [-96.77013476438577, 46.91966586751127], [-96.82532458582703, 47.01886142793589], [-96.85870654510826, 47.58833776801907], [-97.12592701428629, 48.17339272197776], [-97.1280473756953, 48.68111490931457], [-97.2257378091094, 48.9931815716096]]]}}, {"type": "Feature", "properties": {}, "geometry": {"type": "Polygon", "coordinates": [[[-89.70477194603545, 36.00157341000346], [-90.38106835855285, 35.99274040185401], [-90.07565941135556, 36.296721126340586], [-90.07447288787279, 36.371834654596555], [-90.16224266661156, 36.500869083346956], [-94.61837992156065, 36.500869083346956], [-94.62238443831497, 39.124404339676886], [-94.77785197354247, 39.19399174467517], [-95.05793743344563, 39.508958797705844], [-95.07535625735228, 39.59737676982871], [-94.89859721740635, 39.741143865156744], [-94.92993571957837, 39.86149909435733], [-95.11620342687924, 39.872089915073815], [-95.3624674743594, 40.01031990081563], [-95.46365156025051, 40.19806526930569], [-95.6615702689724, 40.3627613205102], [-95.76502852487214, 40.601867774943884], [-91.73152983585013, 40.624653420344345], [-91.44195218808485, 40.37944955356869], [-91.50165189739347, 40.09752937679866], [-91.37873685364214, 39.749405584221904], [-90.91937648455644, 39.38690068758095], [-90.57707544610805, 38.90961063031128], [-90.47796777631177, 38.948117711858345], [-90.13420555616703, 38.84666995408216], [-90.36577538921948, 38.25425415999891], [-90.17358055766907, 38.069046633402564], [-89.82296286851282, 37.88409179236271], [-89.52342062075806, 37.64452391213018], [-89.46197408521094, 37.434124734182205], [-89.48691305100604, 37.21273922769015], [-89.35188008687057, 37.035518761945355], [-89.29001607083876, 37.01277706185907], [-89.27239399985403, 37.07998043356331], [-89.1543129406621, 36.992111777867635], [-89.12951679713808, 36.81105708346094], [-89.2030482940837, 36.62551996700826], [-89.39746236400002, 36.58779291478784], [-89.47148824573013, 36.48888299890535], [-89.54964498699282, 36.55306513025995], [-89.54060323860104, 36.42666742036013], [-89.61170675693842, 36.32196770933491], [-89.5835487968799, 36.2722326000158], [-89.67454855621064, 36.22057488320145], [-89.64188620144904, 36.10451530846163], [-89.70477194603545, 36.00157341000346]]]}}, {"type": "Feature", "properties": {}, "geometry": {"type": "MultiPolygon", "coordinates": [[[[-88.08477188423734, 34.93310901377603], [-88.4861903565815, 31.890511241460132], [-88.39958512866839, 30.370805372941078], [-88.69209612615492, 30.355358595008084], [-88.90520892725328, 30.415146194945052], [-89.32053609153427, 30.345328077047327], [-89.5208608062073, 30.192629096612947], [-89.59165670734544, 30.223017281365912], [-89.68576559765415, 30.462684038555352], [-89.81999655980592, 30.611208214142977], [-89.8353664334391, 30.73081637300254], [-89.73531393938804, 31.00115695948709], [-91.65644926657977, 31.001805152871185], [-91.59636503577212, 31.109910625745087], [-91.61824980223196, 31.276957751258053], [-91.52895292382556, 31.34519383784543], [-91.50572782528333, 31.51870092454233], [-91.37252957801472, 31.773715582707865], [-91.15652737250927, 31.97068946717495], [-90.93764674892526, 32.27732888316919], [-91.1038149681547, 32.49049661591026], [-91.14964993084067, 32.62501322260417], [-91.09435573927823, 32.6942600514176], [-91.13605984243162, 32.808847458132504], [-91.09608059285966, 32.93768413296911], [-91.15285793877554, 33.04057109978456], [-91.10678127686161, 33.21792340147189], [-91.16333889620661, 33.29445416611006], [-91.14101467660501, 33.43850690598023], [-91.21457913253627, 33.5834055931483], [-91.17272122078326, 33.616683182308364], [-91.20748196429678, 33.67566878026162], [-91.05270656776757, 33.82759871769791], [-91.06035305243427, 33.98929550120991], [-90.91472926758227, 34.048621675348016], [-90.90971950176618, 34.18876328225649], [-90.76233790434713, 34.356425642167935], [-90.63542383700575, 34.413873154125], [-90.53924951693074, 34.72817004111448], [-90.3199404265335, 34.89916125857478], [-90.29370507397022, 35.001114387463986], [-88.17326676066003, 34.99900501238352], [-88.08477188423734, 34.93310901377603]]], [[[-88.5739930943059, 30.22915863902206], [-88.71310198633124, 30.24492402048284], [-88.72284685974985, 30.26424897239191], [-88.5739930943059, 30.22915863902206]]]]}}, {"type": "Feature", "properties": {}, "geometry": {"type": "Polygon", "coordinates": [[[-116.04849365409368, 48.99308269465271], [-104.03392715573527, 48.993137626295436], [-104.00547805797034, 45.00096950525631], [-111.05086223786323, 45.00105739588466], [-111.05143352694752, 44.49888330446262], [-111.37252545814152, 44.7462404916329], [-111.44810041219635, 44.71111719927745], [-111.49985700596758, 44.54485010309111], [-112.23131028094062, 44.56069238885169], [-112.37538499346789, 44.470022219377285], [-112.71592821934921, 44.49803735716472], [-112.83135058703347, 44.39662255837416], [-112.91039172774396, 44.419331299474806], [-112.99968860615037, 44.480360354537254], [-113.14070911934238, 44.76548853924217], [-113.33889149994931, 44.808071548679095], [-113.46079580147459, 44.903619648027075], [-113.44712880876573, 45.029083520000654], [-113.69711172845807, 45.3049831887285], [-113.80227286528215, 45.601097701977494], [-113.9919243617746, 45.69302031290596], [-114.29764092617113, 45.48756498280284], [-114.52923273188065, 45.575719283040655], [-114.4957958409567, 45.68584624036666], [-114.52253656463303, 45.81513335467358], [-114.39678704811732, 45.89095000795638], [-114.4783056059145, 46.03558502323938], [-114.48535882883982, 46.158214422448566], [-114.33686761223782, 46.65922396304495], [-114.56299921266094, 46.65043490020966], [-114.66162348400128, 46.74554354641589], [-114.75368891720079, 46.73456820420034], [-115.30667477813928, 47.231172227050536], [-115.70246825026885, 47.43759435406554], [-115.66967955272901, 47.4978543661299], [-115.71838194716497, 47.68147986141591], [-116.04901001153524, 48.00471961984027], [-116.04849365409368, 48.99308269465271]]]}}, {"type": "Feature", "properties": {}, "geometry": {"type": "MultiPolygon", "coordinates": [[[[-83.09655025840492, 35.0016417312341], [-84.32468995369223, 34.98809558813923], [-84.261101084079, 35.249581193817235], [-84.06228149641652, 35.28601185926945], [-84.00373535160503, 35.414068504779436], [-83.87130614733451, 35.51489004182859], [-83.51111936601635, 35.584081938999304], [-82.99020259809808, 35.800446693346714], [-82.88772212543876, 35.9517284373989], [-82.81281733742512, 35.94744376926671], [-82.70008662023416, 36.029841233347426], [-82.61109735902699, 36.04736442737526], [-82.55340814784194, 35.9709874713367], [-82.29494378251356, 36.133969655288354], [-82.05136589236243, 36.12286247713027], [-81.90824699041849, 36.306411068116475], [-81.73412466932314, 36.35545403873731], [-81.65889029145316, 36.61057856018829], [-75.96644500594424, 36.55136224933561], [-75.97848602202856, 36.42915033061111], [-75.82007415075125, 36.11283195916951], [-76.14782929020726, 36.279285822941105], [-76.15002655591607, 36.145757985816175], [-76.27057953903042, 36.18991204023489], [-76.22738129519504, 36.116039967104385], [-76.38368379139189, 36.13353020214659], [-76.4788144102552, 36.02819328406581], [-76.55935518481196, 36.01535026599775], [-76.6789303846859, 36.075313647191436], [-76.73363131450695, 36.2291552057944], [-76.72621554273968, 35.95759513684145], [-76.06977142590145, 35.97030631896696], [-76.08357025455284, 35.69053946259159], [-76.0011947631292, 35.72219107512713], [-75.97892547517033, 35.89595084738053], [-75.81201018559989, 35.9557384473175], [-75.74475188225294, 35.76546622326231], [-75.7739205845375, 35.64700064257134], [-76.17384491619967, 35.35414906889993], [-76.48948213527152, 35.397017722879], [-76.57718599603903, 35.53230337257098], [-76.63412813688308, 35.453212793382036], [-76.74138766245908, 35.43148183552182], [-77.03999607228758, 35.527392483711765], [-76.9744736088506, 35.458409326783396], [-76.51294893304171, 35.27043324539393], [-76.6280307245411, 35.07336048396995], [-76.77913668733659, 34.99034778549077], [-77.07027439375511, 35.15464832886771], [-76.97495700730654, 35.025174446975555], [-76.74496920556446, 34.940964238685055], [-76.45675386253866, 34.98933704326471], [-76.36220551908818, 34.936503789296154], [-76.51687105233195, 34.7772569570495], [-76.70706637208733, 34.7521422099977], [-76.73319186136519, 34.70699938601001], [-77.13391819501105, 34.70793322393625], [-77.29623021292151, 34.60294786836889], [-77.35836888716692, 34.620262322154375], [-77.41226781500426, 34.730795773636515], [-77.3797922278279, 34.52662584397305], [-77.75075659744782, 34.28499253397422], [-77.86082862313111, 34.14917954051212], [-77.92784522725009, 33.939736173147494], [-77.95326759150113, 34.168976904548586], [-78.01334083598024, 33.911808925988396], [-78.40588235486076, 33.9175657621455], [-78.56427225348098, 33.87666366097584], [-79.65355574229947, 34.7967906492009], [-80.7840819084725, 34.82862902932169], [-80.79296984826468, 34.962772100845086], [-80.93368274425744, 35.11366932339824], [-81.04524891062273, 35.06561512234636], [-81.08731556261807, 35.15571400273649], [-82.39253533897076, 35.21093128999911], [-83.09655025840492, 35.0016417312341]]], [[[-75.88905730767964, 36.550505315709174], [-75.75788054486313, 36.2292321100942], [-75.53419889570536, 35.8190795065575], [-75.80979094723398, 36.271046076533025], [-75.88905730767964, 36.550505315709174]]], [[[-75.65077482788675, 35.835591958359274], [-75.71717619760726, 35.946125409841414], [-75.64886320672008, 35.91038688308747], [-75.65077482788675, 35.835591958359274]]], [[[-75.67827360823262, 35.21284291116578], [-75.53636320242855, 35.278618060159275], [-75.48127775110845, 35.57211782721478], [-75.50352506641025, 35.76915762965314], [-75.45647062125589, 35.56416372534886], [-75.50933683421007, 35.28033192741216], [-75.67827360823262, 35.21284291116578]]], [[[-75.96367645115113, 35.11884388414251], [-75.98419891287149, 35.123073620631985], [-75.78196257703179, 35.190200088036406], [-75.96367645115113, 35.11884388414251]]], [[[-76.50364351276485, 34.64294909059794], [-76.43703340280202, 34.75632800117299], [-76.20738617724479, 34.938898808918765], [-76.50364351276485, 34.64294909059794]]], [[[-76.54622652220178, 34.65485827073974], [-76.66195650708526, 34.684653193751316], [-76.67392061886979, 34.70015490332703], [-76.54622652220178, 34.65485827073974]]]]}}, {"type": "Feature", "properties": {}, "geometry": {"type": "Polygon", "coordinates": [[[-104.03392715573527, 48.993137626295436], [-97.2257378091094, 48.9931815716096], [-97.1280473756953, 48.68111490931457], [-97.12592701428629, 48.17339272197776], [-96.85870654510826, 47.58833776801907], [-96.82532458582703, 47.01886142793589], [-96.77013476438577, 46.91966586751127], [-96.78664721618755, 46.64821566184375], [-96.5985667646769, 46.271857004908696], [-96.55640123572468, 45.94277251969888], [-104.0110865786921, 45.94305816424102], [-104.03392715573527, 48.993137626295436]]]}}, {"type": "Feature", "properties": {}, "geometry": {"type": "Polygon", "coordinates": [[[-102.02448921287036, 40.001124343824216], [-102.02500557031193, 41.00062755578037], [-104.02165542675152, 41.00085826867979], [-104.02886245827645, 43.00140277858827], [-98.44176507717684, 43.00109516138903], [-97.96494743203456, 42.80586810316046], [-97.69813895017694, 42.8746425198465], [-97.23878956741979, 42.86053607399589], [-96.67554247562111, 42.6376014951791], [-96.38375108265421, 42.41777604734028], [-96.29533311053135, 42.132911534520446], [-96.08663681350771, 41.82137221599555], [-96.05862716888454, 41.54578016446692], [-95.94356735004223, 41.46093274912087], [-95.94971969402692, 41.36742810688207], [-95.89194259221352, 41.31616589789533], [-95.83401717496479, 40.889489856228295], [-95.85900008607405, 40.74510752650181], [-95.6615702689724, 40.3627613205102], [-95.52121992182158, 40.26457650231163], [-95.34668012024153, 40.00148689266618], [-102.02448921287036, 40.001124343824216]]]}}, {"type": "Feature", "properties": {}, "geometry": {"type": "Polygon", "coordinates": [[[-71.53348341105892, 44.98797267858865], [-71.32729199694334, 45.2901076998798], [-71.20161938472744, 45.2603347495253], [-71.08454906776156, 45.294007846512955], [-70.96754466876695, 43.458148401480486], [-70.73309641763596, 43.07003437300324], [-70.77763499355372, 42.94058246376815], [-70.80611155714001, 42.8767628812555], [-70.97408153425069, 42.8716762111396], [-71.32962109859469, 42.702486751560514], [-72.46685991150817, 42.730315121762715], [-72.54980669201608, 42.886683535930814], [-72.47371538051968, 43.038536569067304], [-72.36236894072528, 43.58664450013222], [-72.11492386292662, 43.965431135675516], [-72.0312080394206, 44.300733882841314], [-71.60928907801318, 44.514055424182004], [-71.56844190848624, 44.60763697072062], [-71.62065992805631, 44.77189356878338], [-71.51022535353107, 44.90834376930104], [-71.53348341105892, 44.98797267858865]]]}}, {"type": "Feature", "properties": {}, "geometry": {"type": "MultiPolygon", "coordinates": [[[[-75.02353237231873, 40.01745002804074], [-74.73488856247971, 40.15450447662835], [-75.18901943917842, 40.5958143079161], [-75.18569058162957, 40.743822126062156], [-75.07556362430356, 40.85626719871095], [-75.1230355499426, 40.999001579155845], [-74.91229579580975, 41.15527111636706], [-74.81248500098665, 41.30151013561749], [-74.69905115876887, 41.35729871196443], [-73.91007896070322, 40.992255973429764], [-74.02550132838749, 40.756379499588036], [-74.18714318025675, 40.647988382172], [-74.2641903023365, 40.52863290886896], [-74.24151452022149, 40.456265962749], [-73.99845298751193, 40.452157075873515], [-73.97225059393426, 40.40032357780245], [-74.07991661366638, 39.788110419682766], [-74.06459068534738, 39.993115310315574], [-74.25657677665544, 39.61385626264487], [-74.33060265838556, 39.53588628896742], [-74.40702355973828, 39.54880621133529], [-74.42883142189831, 39.38718633212309], [-74.57869592956831, 39.31610478644279], [-74.79447840850288, 39.00190677641021], [-74.92343593295347, 38.94114139323284], [-74.95430751616239, 38.9499524287252], [-74.89702479913346, 39.14546513149591], [-75.13610928091006, 39.207867477626365], [-75.5242452820444, 39.49017217589545], [-75.52355314334613, 39.60184820554616], [-75.42190763165615, 39.789714423650196], [-75.15383022885169, 39.870485911106385], [-75.02353237231873, 40.01745002804074]]], [[[-74.13322227976234, 39.6807849761355], [-74.25316002847822, 39.55848516678262], [-74.10676720062816, 39.746439275515], [-74.13322227976234, 39.6807849761355]]]]}}, {"type": "Feature", "properties": {}, "geometry": {"type": "Polygon", "coordinates": [[[-109.04780735188244, 31.32787938405994], [-109.04667026687812, 37.00084590906019], [-103.00083873741983, 37.00084590906019], [-103.0002949141569, 36.501231632188905], [-103.0421528259099, 36.50061639779044], [-103.06564159633717, 32.002747573866614], [-106.66826197302404, 32.000945815985375], [-106.5663582826133, 31.819528572736743], [-106.44538232584999, 31.768398199692513], [-108.21184113346942, 31.779329596593897], [-108.21445038649864, 31.329428456384647], [-109.04780735188244, 31.32787938405994]]]}}, {"type": "Feature", "properties": {}, "geometry": {"type": "Polygon", "coordinates": [[[-114.04259330901996, 42.00110855097694], [-114.04287895356211, 36.18177117078372], [-114.11943718402163, 36.07666496560235], [-114.23214592855551, 36.03169792287137], [-114.4060869752299, 36.14830681403839], [-114.5929754100935, 36.1475597436974], [-114.71575861790231, 36.08498161631023], [-114.74136225657432, 36.0135155491309], [-114.68710077989503, 35.91734122905588], [-114.66206293714305, 35.54535513088136], [-114.59098688462701, 35.35277577783192], [-114.61054254943551, 34.991116828488856], [-118.12627205366712, 37.692380359268256], [-120.0000617979981, 39.00025882712862], [-120.0008088683391, 42.00055923454974], [-114.04259330901996, 42.00110855097694]]]}}, {"type": "Feature", "properties": {}, "geometry": {"type": "MultiPolygon", "coordinates": [[[[-79.06605083707544, 43.10610248961348], [-79.06139356384942, 43.28291031482522], [-78.457470703125, 43.387548828125], [-77.83823242187499, 43.357080078124994], [-77.529052734375, 43.267382812499996], [-76.9630859375, 43.26376953125], [-76.722314453125, 43.342626953125], [-76.47270507812499, 43.507275390625], [-76.202587890625, 43.574511718749996], [-76.21811523437499, 43.7578125], [-76.284619140625, 43.86923828125], [-76.19833984374999, 43.874462890625], [-76.07065429687499, 43.998486328125], [-76.19228515625, 44.003369140625], [-76.173291015625, 44.079443359375], [-76.3060546875, 44.043212890625], [-76.35244140625, 44.1060546875], [-75.832177734375, 44.397265624999996], [-75.79196013600692, 44.49704858759574], [-75.17938442904526, 44.89937892520905], [-74.85663905540538, 45.00392482763468], [-73.35218221090553, 45.00541896831666], [-73.37207845189889, 44.59733179454625], [-73.30975301006823, 44.4596401389031], [-73.32091511986903, 44.268873530063445], [-73.42613118833583, 44.074854967974716], [-73.37496785630599, 43.804151832648216], [-73.41592488911837, 43.589643767824754], [-73.33048421203094, 43.626689667675436], [-73.24709797838126, 43.55304830744436], [-73.25332722666576, 42.752221860879644], [-73.50728719729106, 42.080012362580646], [-73.54472860496934, 41.29595105337418], [-73.48413900304865, 41.21895886293717], [-73.72301474458291, 41.104514278493326], [-73.63046591292746, 40.99186046560217], [-73.98708213746879, 40.75139170642902], [-73.87196738698375, 41.055163690673254], [-73.92532798472243, 41.218057983996545], [-73.96995445126853, 41.24973156918918], [-73.91007896070322, 40.992255973429764], [-74.69905115876887, 41.35729871196443], [-74.75661952033994, 41.423908821927256], [-74.93536708575236, 41.47436902893031], [-75.05136074252091, 41.608369278182636], [-75.09553676959672, 41.83171035115555], [-75.35134244341744, 41.99841690048365], [-79.76295760194158, 42.00089981073461], [-79.76300290720806, 42.27568527658051], [-79.209228515625, 42.55517578125], [-78.87783203125, 42.799121093749996], [-78.92431640625, 42.997509765625], [-78.8947265625, 43.057763671874994], [-79.06605083707544, 43.10610248961348]]], [[[-72.58088701546733, 40.9213282363491], [-72.18385208821226, 41.04679210832265], [-72.10189407727331, 41.01501964617313], [-71.90320632555336, 41.06070080025947], [-73.19428669706978, 40.65420664412795], [-73.89956504428652, 40.57052377960758], [-73.79918296037913, 40.64097910456087], [-73.87517539491863, 40.65162485692011], [-74.01491050767098, 40.58121347728098], [-74.03203819387123, 40.63868296189514], [-73.87926230913703, 40.79166758687168], [-73.6952083470378, 40.8700330683767], [-73.65224081610185, 40.838018906999224], [-73.57379843029702, 40.919625355424756], [-72.62511797418586, 40.99183849294511], [-72.27413773618764, 41.15304089167259], [-72.58088701546733, 40.9213282363491]]], [[[-74.23587853367836, 40.518712254193645], [-74.18815392248281, 40.61460092972649], [-74.06875450386559, 40.649306741597286], [-74.07970787342406, 40.58646494232508], [-74.23587853367836, 40.518712254193645]]], [[[-78.96054687499999, 42.988232421875], [-79.01416015625, 43.051513671875], [-78.9162109375, 43.053173828125], [-78.96054687499999, 42.988232421875]]]]}}, {"type": "Feature", "properties": {}, "geometry": {"type": "Polygon", "coordinates": [[[-80.52027818747169, 41.989567709338864], [-80.51908067766038, 40.646955667288864], [-80.65904650331215, 40.56297617189779], [-80.60181871792597, 40.36389291235025], [-80.87431262480516, 39.664294496990806], [-81.2625035575822, 39.386538138738985], [-81.4396471190272, 39.39255864678117], [-81.65720938318591, 39.27197270468116], [-81.80260245513847, 39.08606205305799], [-81.78012442693726, 38.94697513368973], [-81.89667838646156, 38.8935486179798], [-82.00109245294465, 39.011102333401624], [-82.07227287558183, 38.96294925539286], [-82.20352654269814, 38.768227568277325], [-82.18007073125649, 38.637589135559494], [-82.3870641473558, 38.43399049498032], [-82.62128168558736, 38.45067872803878], [-82.84462275856028, 38.627668480884154], [-82.88043818961403, 38.71025271255013], [-83.20346920779605, 38.63890749498478], [-83.35697019021416, 38.6274048089991], [-83.53838743346279, 38.69985964574741], [-83.68987791775731, 38.64953127468692], [-84.22728516482029, 38.86520389033603], [-84.43005983075865, 39.0908960376174], [-84.70694826905547, 39.12890873437996], [-84.82171145702709, 39.09198368414326], [-84.79611331151935, 41.701434467279654], [-83.45425695494815, 41.745548291563125], [-82.96328125, 41.541943359375], [-82.83076171875, 41.5796875], [-82.69999999999999, 41.521289062499996], [-83.027490234375, 41.454541015625], [-82.64262695312499, 41.46689453125], [-82.48027343749999, 41.398095703124994], [-82.121337890625, 41.492968749999996], [-81.72319335937499, 41.5109375], [-81.22861328124999, 41.770410156249994], [-80.52027818747169, 41.989567709338864]]]}}, {"type": "Feature", "properties": {}, "geometry": {"type": "Polygon", "coordinates": [[[-94.59597879765924, 36.361661314364724], [-94.43913797136373, 35.38725087680329], [-94.4841489594089, 33.6484336718008], [-94.70919840647042, 33.69928938663142], [-95.21586041310272, 33.95903915239947], [-95.37388776288098, 33.874268641353225], [-95.5234940918302, 33.88656234299407], [-95.59447126738934, 33.94516341944828], [-95.78391402363944, 33.86450179527752], [-95.94157882457574, 33.882837977617626], [-96.31504807710371, 33.71112166247342], [-96.59159044605141, 33.849274743915416], [-96.60634508528612, 33.90563460934662], [-96.74628344511655, 33.854185632774616], [-96.93405078626367, 33.95348007015615], [-97.06383777851934, 33.85680037896812], [-97.11900013413924, 33.7347642415003], [-97.1924876857707, 33.784631186761956], [-97.21493824815056, 33.897109218396395], [-97.39849233230102, 33.83132308307435], [-97.64093313744785, 33.991668548175426], [-97.84242240294655, 33.875784754692305], [-97.9215898864353, 33.87836654190018], [-97.95107169908337, 33.97121200442632], [-98.06938347117475, 34.04030502464013], [-98.0986345709234, 34.14502670832245], [-98.35597833074027, 34.14151108318835], [-98.45367425731864, 34.07813095381745], [-98.60839472220513, 34.16127548823917], [-99.15750790233183, 34.22328232654205], [-99.25287472725884, 34.388077254703475], [-99.36038693839136, 34.45609361471996], [-99.40498593911612, 34.39206529196498], [-99.63202940480839, 34.38849473518815], [-99.9993408201874, 34.58672106110926], [-100.00244445800111, 36.500902042332584], [-103.0002949141569, 36.501231632188905], [-103.00083873741983, 37.00084590906019], [-94.61806681119714, 37.00084590906019], [-94.59597879765924, 36.361661314364724]]]}}, {"type": "Feature", "properties": {}, "geometry": {"type": "Polygon", "coordinates": [[[-117.01667484337061, 42.00055923454974], [-124.22840851691392, 42.00076797479207], [-124.35527314577686, 42.12288101655969], [-124.42051545783596, 42.38100480570321], [-124.40617280592164, 42.583680594684665], [-124.53962923191105, 42.812866394443034], [-124.34658845306274, 43.3416493735989], [-124.19693817879936, 43.42334371265278], [-124.28798737660854, 43.40969869260101], [-124.14871918281932, 43.691728732656486], [-124.09916534792117, 44.333780759101955], [-124.04746368579266, 44.425505616116595], [-124.0591915915135, 44.777727309240305], [-123.92935516077938, 45.57696073816612], [-123.94713104036371, 46.14059235146385], [-123.98930206248022, 46.21939728611065], [-123.67360991176565, 46.182604071816456], [-123.5216305358509, 46.22266022568823], [-123.32156399989867, 46.14400909964107], [-123.04227504881496, 46.16002716665835], [-122.94199733502873, 46.11486237001358], [-122.84337306368838, 45.97809356596812], [-122.72591273205919, 45.673750292639596], [-122.64984888638415, 45.627442917826244], [-122.20253502654704, 45.59106718401674], [-121.66251852645485, 45.718135059957746], [-121.04524067087632, 45.6390444807688], [-120.35143205065962, 45.72516631022597], [-119.01968029087296, 46.00034088126992], [-116.89647891593393, 46.002098693836984], [-116.5209167678183, 45.721914356976924], [-116.47704286477747, 45.64108793787801], [-116.54915712534091, 45.456737344908106], [-116.85585696614214, 44.9057400094361], [-117.20170109554599, 44.436206300118556], [-117.19731205729262, 44.34380029073415], [-117.13974369572156, 44.290263911738776], [-116.91242007865142, 44.19947289265039], [-117.02049808570396, 43.81319358104], [-117.01667484337061, 42.00055923454974]]]}}, {"type": "Feature", "properties": {}, "geometry": {"type": "Polygon", "coordinates": [[[-79.76300154725575, 42.27013077803619], [-79.76295760194158, 42.00089981073461], [-75.35134244341744, 41.99841690048365], [-75.09553676959672, 41.83171035115555], [-75.05136074252091, 41.608369278182636], [-74.98125698008104, 41.50770154973307], [-74.75661952033994, 41.423908821927256], [-74.69905115876887, 41.35729871196443], [-74.81248500098665, 41.30151013561749], [-74.91229579580975, 41.15527111636706], [-75.1230355499426, 40.999001579155845], [-75.07556362430356, 40.85626719871095], [-75.17473721207111, 40.77551768391186], [-75.19228237875603, 40.689868266582096], [-75.18901943917842, 40.5958143079161], [-74.73488856247971, 40.15450447662835], [-75.17292446786134, 39.89477668351739], [-75.42102872537264, 39.81542243244337], [-75.63458097961275, 39.83948249195495], [-75.78472014549637, 39.72235724334635], [-80.51944322650233, 39.72251105194596], [-80.52027818747169, 41.989567709338864], [-79.76300154725575, 42.27013077803619]]]}}, {"type": "Feature", "properties": {}, "geometry": {"type": "MultiPolygon", "coordinates": [[[[-71.84235305174761, 41.33551282246148], [-71.80083571617948, 42.011963043578504], [-71.38713452852303, 42.01686294610917], [-71.34072827675277, 41.79791640455389], [-71.23376538204747, 41.70655409638121], [-71.27107495378321, 41.681230609087066], [-71.39015576887266, 41.79533461734604], [-71.36367871708138, 41.70273085404787], [-71.4265424890107, 41.63329725764919], [-71.44380201115348, 41.453692758610316], [-71.52285963135678, 41.37897473818191], [-71.76928298060083, 41.33090955080149], [-71.84235305174761, 41.33551282246148]]], [[[-71.24137890772852, 41.49196912725793], [-71.34623242735337, 41.46940320842836], [-71.23205151479458, 41.65430311782549], [-71.24137890772852, 41.49196912725793]]], [[[-71.39307813226539, 41.4667445169207], [-71.40338330843974, 41.51504041720054], [-71.36431592413695, 41.57180677678787], [-71.36535962534863, 41.48526746684604], [-71.39307813226539, 41.4667445169207]]]]}}, {"type": "Feature", "properties": {}, "geometry": {"type": "Polygon", "coordinates": [[[-81.07481312073489, 32.109699482243386], [-81.13501820115653, 32.181857688121], [-81.17150379825148, 32.38013894568482], [-81.29033192778441, 32.55723856181564], [-81.37697011468315, 32.60746805591924], [-81.57823965361096, 33.06857525124346], [-81.78032218085104, 33.19529156467105], [-82.0057176972617, 33.522892895527434], [-82.58926752420987, 34.017376556968614], [-82.84773188953825, 34.43691148508198], [-83.05278072548525, 34.510860462512284], [-83.35557492648906, 34.708317745435295], [-83.31671628242859, 34.80565661633598], [-83.12135738825748, 35.00055408470823], [-82.39253533897076, 35.21093128999911], [-81.08731556261807, 35.15571400273649], [-81.04524891062273, 35.06561512234636], [-80.93368274425744, 35.11366932339824], [-80.79296984826468, 34.962772100845086], [-80.7840819084725, 34.82862902932169], [-79.65355574229947, 34.7967906492009], [-78.56427225348098, 33.87666366097584], [-78.92029521628093, 33.658694902661], [-79.13818707029597, 33.40592145551845], [-79.19382183804326, 33.24414776770665], [-79.23836041396103, 33.3121531413946], [-79.22647320647631, 33.4048887406353], [-79.28132794489699, 33.31543805362928], [-79.22924176126944, 33.18512921076777], [-79.27601056188165, 33.135394101448654], [-79.58712141359334, 33.00087749475475], [-79.61492781113843, 32.90926250102554], [-79.80499129495128, 32.78738017215734], [-79.93310287210397, 32.81003398161528], [-79.89363997997359, 32.72870219140333], [-79.94072738411357, 32.66715677889931], [-80.36284409943481, 32.50072488778481], [-80.6341954281454, 32.511733188986], [-80.47427842985756, 32.42277688676445], [-80.4857261842005, 32.35182717702669], [-80.57934068972475, 32.287326442144305], [-80.64721422747016, 32.395926299802696], [-80.70933092905848, 32.33703957880634], [-80.80256091308367, 32.448045442415875], [-80.79788073712389, 32.36339578098362], [-80.69421374098181, 32.21573952535098], [-80.84924182306753, 32.11392921873285], [-80.87234607199576, 32.02956520184274], [-81.07481312073489, 32.109699482243386]]]}}, {"type": "Feature", "properties": {}, "geometry": {"type": "Polygon", "coordinates": [[[-96.59862169631963, 43.49750143032543], [-96.5349559224066, 43.33805684416498], [-96.56345445864999, 43.242684526073674], [-96.46129258951844, 43.12976704129747], [-96.62683458802087, 42.75700091379633], [-96.4809526244481, 42.511258716921986], [-96.80452746589306, 42.70142107769175], [-97.23878956741979, 42.86053607399589], [-97.69813895017694, 42.8746425198465], [-97.96494743203456, 42.80586810316046], [-98.44176507717684, 43.00109516138903], [-104.02886245827645, 43.00140277858827], [-104.0110865786921, 45.94305816424102], [-96.55640123572468, 45.94277251969888], [-96.61468920181537, 45.7999722212827], [-96.85106006044158, 45.62600370878695], [-96.69610888265566, 45.431776406455896], [-96.45366807750884, 45.29733670406182], [-96.4536186390304, 43.50117086405916], [-96.59862169631963, 43.49750143032543]]]}}, {"type": "Feature", "properties": {}, "geometry": {"type": "Polygon", "coordinates": [[[-84.32468995369223, 34.98809558813923], [-88.19042740584591, 35.02499866571884], [-88.17326676066003, 34.99900501238352], [-90.29376000561292, 35.00447620399848], [-90.09291893349832, 35.203592422531656], [-90.10788231297539, 35.3142027783136], [-89.92652000136947, 35.59165151936618], [-89.94350486529864, 35.67913565356281], [-89.68890768761777, 35.92095573114689], [-89.7093202860527, 35.98305046007812], [-89.63412985349692, 36.16791741048961], [-89.67454855621064, 36.22057488320145], [-89.5835487968799, 36.2722326000158], [-89.61170675693842, 36.32196770933491], [-89.5552699872074, 36.37292230112243], [-89.5573134443166, 36.5010778235893], [-88.05910782075834, 36.4996825598642], [-88.0962965428801, 36.69300898325464], [-87.83915053697702, 36.6439660126338], [-86.50758554477558, 36.664840036867574], [-83.7303845110994, 36.58681513154741], [-81.65889029145316, 36.61057856018829], [-81.73412466932314, 36.35545403873731], [-81.90824699041849, 36.306411068116475], [-82.05136589236243, 36.12286247713027], [-82.29494378251356, 36.133969655288354], [-82.55340814784194, 35.9709874713367], [-82.61109735902699, 36.04736442737526], [-82.70008662023416, 36.029841233347426], [-82.81281733742512, 35.94744376926671], [-82.88772212543876, 35.9517284373989], [-82.99020259809808, 35.800446693346714], [-83.51111936601635, 35.584081938999304], [-83.87130614733451, 35.51489004182859], [-84.00373535160503, 35.414068504779436], [-84.06228149641652, 35.28601185926945], [-84.261101084079, 35.249581193817235], [-84.32468995369223, 34.98809558813923]]]}}, {"type": "Feature", "properties": {}, "geometry": {"type": "MultiPolygon", "coordinates": [[[[-94.43200784413862, 33.59973127736484], [-94.04732704333139, 33.55443464477753], [-94.04330055391999, 31.9992319487325], [-93.84558509227618, 31.792941657660023], [-93.80690222947243, 31.568798582703394], [-93.55774877758516, 31.180420882341096], [-93.53059057342415, 31.046189920189335], [-93.57919409090323, 30.823804657799755], [-93.72021460409523, 30.558265096888974], [-93.75039404860587, 30.34471284264886], [-93.71062903244051, 30.112813419740093], [-93.94630225920417, 29.815007011895304], [-93.8904642443788, 29.68935637233649], [-94.09967689884401, 29.670382982940836], [-94.75960917499499, 29.384255042338424], [-94.52626504988268, 29.54796232397399], [-94.77829142668423, 29.547863447017093], [-94.72436503302553, 29.65529875384979], [-94.74193766553182, 29.749989919571348], [-94.83232219046408, 29.75260466576485], [-94.88991252469224, 29.676952807410203], [-95.02287456589714, 29.702320240018523], [-94.99282695732904, 29.530933514730634], [-94.88828654806771, 29.370555090643933], [-95.13904400392241, 29.16783535634829], [-95.15214520071125, 29.07923061664016], [-95.27350567897359, 28.963863180598622], [-95.85341903117366, 28.64034876396066], [-96.23453476836832, 28.488990115608658], [-96.01103439363152, 28.631944222624426], [-96.37344041331558, 28.657036997019134], [-96.44873521599254, 28.59448084228906], [-96.57570421497665, 28.715714977773146], [-96.64004015493087, 28.708760631804736], [-96.52464525306796, 28.488704471066512], [-96.42111009286842, 28.457338503073117], [-96.67633898444056, 28.341289914661843], [-96.77354601939871, 28.421621948976266], [-96.83950793597747, 28.19440270202729], [-96.89159961276928, 28.15755455609039], [-96.93327625010131, 28.224274529338686], [-97.15649098029597, 28.144359975508934], [-97.1412749152624, 28.060765001616915], [-97.0343285000499, 28.093844836863184], [-97.07308826715347, 27.986090926502698], [-97.17145435977302, 27.879567484939145], [-97.43151723590458, 27.837215188401657], [-97.28873341698124, 27.670607516030458], [-97.43910878892854, 27.328284504924994], [-97.52386282048197, 27.313969318832036], [-97.76844595969489, 27.457494714932096], [-97.69237662085557, 27.28714070452736], [-97.4851030533784, 27.237405595208244], [-97.47567129032329, 27.11788532697703], [-97.55471243103378, 26.96735065326584], [-97.43508229951713, 26.485852832163786], [-97.21393299908877, 26.06786697637513], [-97.14018726873653, 26.029733429998586], [-97.14623524260006, 25.961464384425568], [-97.2817845641771, 25.941623075074943], [-97.35816152021565, 25.87051955673755], [-97.80141593165571, 26.04204910429651], [-98.27503106202738, 26.111197056153046], [-99.10776729984843, 26.4469172838035], [-99.22992978009451, 26.761928282148347], [-99.45653379264502, 27.056669504329335], [-99.50531858454507, 27.54834066566322], [-99.75426878935426, 27.72993369016858], [-100.1119451946001, 28.172957388709207], [-100.2960431020135, 28.327677853595702], [-100.33172669712472, 28.502547245032062], [-100.75459597595122, 29.182513091283212], [-101.38034429083724, 29.742552175146997], [-101.54638067412415, 29.80807463858399], [-101.99089851334679, 29.79570403264333], [-102.34307626115631, 29.864972834113857], [-102.47624704260356, 29.769084158580995], [-102.61494394730849, 29.752340993879784], [-102.73418955732609, 29.64394987646375], [-102.86567943050609, 29.25803311369532], [-103.09000927304798, 29.041866113261705], [-103.25769909878078, 29.001128807020194], [-103.42293348008397, 29.070683253032854], [-103.9897456354952, 29.323171055633253], [-104.40062333671581, 29.573747237066982], [-104.62221209028594, 29.85427215011191], [-104.68132952418172, 30.134357610015073], [-104.91785419140754, 30.583357871283695], [-106.14806480962541, 31.4509262637538], [-106.43602746709469, 31.764465094073728], [-106.5663582826133, 31.819528572736743], [-106.66826197302404, 32.000945815985375], [-103.06564159633717, 32.002747573866614], [-103.0421528259099, 36.50061639779044], [-100.00244445800111, 36.500902042332584], [-99.9993408201874, 34.58672106110926], [-99.68561522228221, 34.41582872060586], [-99.40498593911612, 34.39206529196498], [-99.36038693839136, 34.45609361471996], [-99.25287472725884, 34.388077254703475], [-99.15750790233183, 34.22328232654205], [-98.60839472220513, 34.16127548823917], [-98.45367425731864, 34.07813095381745], [-98.35597833074027, 34.14151108318835], [-98.0986345709234, 34.14502670832245], [-98.06938347117475, 34.04030502464013], [-97.95107169908337, 33.97121200442632], [-97.9215898864353, 33.87836654190018], [-97.84242240294655, 33.875784754692305], [-97.64093313744785, 33.991668548175426], [-97.39849233230102, 33.83132308307435], [-97.19476185577932, 33.890616298226846], [-97.20101307672091, 33.80816390250341], [-97.14507069177438, 33.73768660489303], [-96.93405078626367, 33.95348007015615], [-96.74628344511655, 33.854185632774616], [-96.60634508528612, 33.90563460934662], [-96.59159044605141, 33.849274743915416], [-96.31504807710371, 33.71112166247342], [-95.94157882457574, 33.882837977617626], [-95.78391402363944, 33.86450179527752], [-95.59447126738934, 33.94516341944828], [-95.5234940918302, 33.88656234299407], [-95.37388776288098, 33.874268641353225], [-95.21586041310272, 33.95903915239947], [-94.43200784413862, 33.59973127736484]]], [[[-95.08966595028097, 29.136304593426743], [-94.82598857205842, 29.34130948405955], [-94.76761820850363, 29.339035314050932], [-94.86495158624005, 29.25289151193668], [-95.08966595028097, 29.136304593426743]]], [[[-96.80111621088012, 28.148413930741697], [-96.75561083805047, 28.202433708193013], [-96.40356492618349, 28.38157678143304], [-96.4133317722592, 28.337807248513357], [-96.80111621088012, 28.148413930741697]]], [[[-97.03600940831714, 27.89917808139036], [-96.97867175964551, 28.01384239240508], [-96.85741565150434, 28.13291222116598], [-96.83976611469825, 28.088802112061444], [-97.03600940831714, 27.89917808139036]]], [[[-97.38482533959217, 27.242525224309787], [-97.29503956956555, 27.52307211001181], [-97.06055835944893, 27.822021096025182], [-97.25090748780391, 27.541188565781013], [-97.38482533959217, 27.242525224309787]]], [[[-97.18450062491914, 26.112932896063015], [-97.40208486173495, 26.82050738594546], [-97.38598989041785, 27.19650349403858], [-97.3512346400686, 26.80146807857855], [-97.18450062491914, 26.112932896063015]]]]}}, {"type": "Feature", "properties": {}, "geometry": {"type": "Polygon", "coordinates": [[[-109.04667026687812, 37.00084590906019], [-114.04026970053289, 37.00415279395196], [-114.04259330901996, 42.00110855097694], [-111.0502964419432, 42.000877838077514], [-111.04998882474398, 41.00085826867979], [-109.04639011550024, 41.00085826867979], [-109.04667026687812, 37.00084590906019]]]}}, {"type": "Feature", "properties": {}, "geometry": {"type": "MultiPolygon", "coordinates": [[[[-77.4809213820763, 39.11295658533393], [-77.03036106215441, 38.889252963519084], [-77.04559909984508, 38.77579714864419], [-77.26039280921069, 38.59999391928159], [-77.31369847530662, 38.39662599160184], [-77.23191624562439, 38.34003541327121], [-77.04676365067074, 38.35667970101551], [-76.90633639922012, 38.1970483472698], [-76.54951143443645, 38.09450195663922], [-76.26428437277465, 37.893551021239176], [-76.34414399496168, 37.675681139881235], [-76.49248140296406, 37.68221800536497], [-76.93997653722214, 38.09545776722257], [-77.11109959062497, 38.16568237927643], [-76.54945650279373, 37.669144274397496], [-76.30557099544336, 37.57150877262612], [-76.36763276538896, 37.53028806792868], [-76.26856904090685, 37.495153789244654], [-76.26348237079094, 37.35702268045975], [-76.40098725884883, 37.38614743743014], [-76.3931320339398, 37.29994870367318], [-76.45393037610283, 37.273537569853175], [-76.75769137401852, 37.50543699276193], [-76.61090303834087, 37.32258054047401], [-76.32693940446163, 37.14926022136237], [-76.28330170748448, 37.05267940713122], [-76.40088838189193, 36.991331748541], [-76.60230074309084, 37.14284420549261], [-76.63089815629111, 37.22170407178213], [-77.00697116868403, 37.31766965161481], [-77.25088963502003, 37.32919431025756], [-76.6718551891035, 37.17294674570344], [-76.63391939664074, 37.047427942087154], [-76.50463228233383, 36.96102046808784], [-76.48785615864699, 36.89702510431849], [-76.24425629583877, 36.95262691308015], [-75.99941497790506, 36.91265864983673], [-75.85742766780118, 36.55058222000899], [-83.66752073917009, 36.605030464273526], [-83.15021847334282, 36.76233271636788], [-82.89450069015047, 36.90637446990951], [-82.6815856429659, 37.138120084218656], [-81.9652770218909, 37.53972532414805], [-81.97139640688995, 37.47306028254248], [-81.87563956729961, 37.329611790742234], [-81.58901724191273, 37.20807003805891], [-81.35004262342156, 37.33368771863209], [-81.17811756803502, 37.2633312706357], [-80.91536853457444, 37.31136349903049], [-80.84348498691043, 37.42172116925593], [-80.71984484547518, 37.401022926278856], [-80.37118272279977, 37.47259885674363], [-80.2458177277831, 37.62078245614639], [-80.28530259257057, 37.67705443094924], [-80.24592759106854, 37.75102538103664], [-79.97173080326502, 38.04615112471666], [-79.63960310504848, 38.57245119362153], [-79.39587140629772, 38.454392107086704], [-79.2402720351277, 38.476518572774495], [-79.04118877558015, 38.78967288159538], [-78.86872539009495, 38.81794070493936], [-78.58147684398104, 38.999017372003124], [-78.43523782473058, 39.1607581008293], [-78.32222146299748, 39.45185186193365], [-77.83579078037911, 39.14521244593939], [-77.72664160629354, 39.34643803955305], [-77.53415014387244, 39.26561162045414], [-77.47885595231001, 39.220864304294054], [-77.4809213820763, 39.11295658533393]]], [[[-75.62000212163474, 37.999206542847745], [-75.37596280568475, 38.02499145594075], [-75.59635954260784, 37.63118650927764], [-75.58710905397372, 37.558720686200786], [-75.81205413091406, 37.42521482173295], [-75.93437591292403, 37.15189694021295], [-75.99737152079587, 37.26382565542019], [-75.97504730119427, 37.39844113907098], [-75.88815642873901, 37.61915647952186], [-75.62000212163474, 37.999206542847745]]], [[[-75.25247647284912, 38.037449952509746], [-75.33305020639152, 37.88827758353801], [-75.37854459289261, 37.872050776278385], [-75.25247647284912, 38.037449952509746]]]]}}, {"type": "Feature", "properties": {}, "geometry": {"type": "Polygon", "coordinates": [[[-73.35218221090553, 45.00541896831666], [-71.51752027568435, 45.007561302382754], [-71.51022535353107, 44.90834376930104], [-71.62065992805631, 44.77189356878338], [-71.56844190848624, 44.60763697072062], [-71.60928907801318, 44.514055424182004], [-72.0312080394206, 44.300733882841314], [-72.11492386292662, 43.965431135675516], [-72.36236894072528, 43.58664450013222], [-72.47371538051968, 43.038536569067304], [-72.54980669201608, 42.886683535930814], [-72.46685991150817, 42.730315121762715], [-73.25332722666576, 42.752221860879644], [-73.28019978628461, 42.81315203898518], [-73.24709797838126, 43.55304830744436], [-73.33048421203094, 43.626689667675436], [-73.41592488911837, 43.589643767824754], [-73.37496785630599, 43.804151832648216], [-73.42613118833583, 44.074854967974716], [-73.32091511986903, 44.268873530063445], [-73.30975301006823, 44.4596401389031], [-73.37207845189889, 44.59733179454625], [-73.35218221090553, 45.00541896831666]]]}}, {"type": "Feature", "properties": {}, "geometry": {"type": "MultiPolygon", "coordinates": [[[[-122.7887765039885, 48.99302776300999], [-117.03905399461493, 48.99308269465271], [-117.03899906297221, 46.39655183388416], [-116.94296207200401, 46.23210846823616], [-116.89647891593393, 46.002098693836984], [-119.01968029087296, 46.00034088126992], [-120.35143205065962, 45.72516631022597], [-121.04524067087632, 45.6390444807688], [-121.66251852645485, 45.718135059957746], [-122.20253502654704, 45.59106718401674], [-122.64984888638415, 45.627442917826244], [-122.72591273205919, 45.673750292639596], [-122.84337306368838, 45.97809356596812], [-122.94199733502873, 46.11486237001358], [-123.04227504881496, 46.16002716665835], [-123.2205886542499, 46.15362213711714], [-123.4648586830993, 46.27109894823914], [-123.68836455100038, 46.2998611563676], [-124.07275970726545, 46.27944855793265], [-124.04436004797896, 46.60506136332256], [-123.94612579130194, 46.432565018851705], [-123.88915069147225, 46.660014978700104], [-124.07169952656093, 46.744796476074896], [-124.11254669608789, 46.86266879502449], [-123.84287627564453, 46.96318271487442], [-124.11169525562572, 47.035187112152414], [-124.13923798128576, 46.95470126923837], [-124.37602082723238, 47.658639284372725], [-124.66308260576105, 47.974122694844965], [-124.7099777491515, 48.380375151748524], [-123.97576141254963, 48.16848183311856], [-123.29443326155902, 48.11954872578315], [-123.16188320767452, 48.15455116852465], [-122.97388515362796, 48.07329628261252], [-122.7785976705924, 48.137577290924014], [-122.65664393058867, 47.881134410047764], [-122.77844386199277, 47.7384329885885], [-122.82138392710738, 47.79315589106665], [-123.05064663116555, 47.55192907522394], [-123.13904263063134, 47.38610143217937], [-123.10421047598228, 47.348374379958955], [-122.92215602567808, 47.40764562245434], [-123.06677456146829, 47.3996365889457], [-123.06013332586338, 47.45364538006845], [-122.98245998305663, 47.55936681964829], [-122.60814478323076, 47.83547522861849], [-122.58571619350799, 47.92788123800287], [-122.53280054207536, 47.91970740956606], [-122.52391260228319, 47.76933753078305], [-122.63018335829021, 47.69279577981632], [-122.61362146801, 47.61561682179405], [-122.67547999087752, 47.612342895887906], [-122.55744837016402, 47.46320348590183], [-122.57788843442032, 47.29319005168196], [-122.70769739933309, 47.31639317756708], [-122.76779810963356, 47.21836216796811], [-122.82846461585405, 47.33659703575967], [-122.91951930682751, 47.28967442654783], [-123.02757534122296, 47.13890903993723], [-122.7019350700117, 47.1108719294927], [-122.60414026647643, 47.16702305468158], [-122.54217737348773, 47.27556798069722], [-122.35381677059922, 47.37157750584407], [-122.40182702633692, 47.78426795127447], [-122.24201439817024, 48.01076210053952], [-122.41580163624502, 48.183928611051556], [-122.39477380341162, 48.084150775214084], [-122.4940188023147, 48.1304471636989], [-122.52032007284926, 48.229093407696325], [-122.40854516624164, 48.29390175977795], [-122.54166101604616, 48.41095010408674], [-122.66248316420985, 48.44639199996999], [-122.6572646581514, 48.49000772429005], [-122.49675439812218, 48.505542392851396], [-122.54512170953755, 48.762292890926915], [-122.68594446881576, 48.794285079647324], [-122.7887765039885, 48.99302776300999]]], [[[-123.049201928962, 48.99302776300999], [-123.06325893633417, 48.9777347936766], [-123.08643459639794, 48.99302776300999], [-123.049201928962, 48.99302776300999]]], [[[-122.7688308245167, 48.65097941011814], [-122.837610734367, 48.62654581543606], [-122.9030343208471, 48.66467936181263], [-122.89254237708748, 48.59449869507293], [-123.00285060883446, 48.65219889258654], [-122.89771144466746, 48.71036051589897], [-122.7688308245167, 48.65097941011814]]], [[[-122.9867501443531, 48.46800210821624], [-123.13992153691487, 48.50794839880257], [-123.1621413863953, 48.60638590255766], [-123.11418606230032, 48.613263344226255], [-122.9867501443531, 48.46800210821624]]], [[[-122.83657801948385, 48.42154092480325], [-122.93228542059575, 48.48474527291742], [-122.88551661998352, 48.55160806843679], [-122.8146163487242, 48.452335603712356], [-122.83657801948385, 48.42154092480325]]], [[[-122.52383569798337, 48.02543983547443], [-122.50285181046415, 48.08006386099569], [-122.36673669296708, 47.98543861324538], [-122.36658288436746, 47.93883460756135], [-122.411440063813, 47.91775184308523], [-122.55752527446384, 47.992469863513605], [-122.62266321640178, 48.15143105121811], [-122.74151881175607, 48.225270165362986], [-122.62863428596549, 48.38423135306749], [-122.54243555220853, 48.294000636734836], [-122.6970022084954, 48.2286869135402], [-122.59762537364979, 48.20041909019625], [-122.52383569798337, 48.02543983547443]]], [[[-122.50264856338609, 47.5754398183083], [-122.57592188161092, 47.619473023113045], [-122.54977441967598, 47.70395788961713], [-122.50786706944453, 47.68264441224159], [-122.50264856338609, 47.5754398183083]]], [[[-122.39412561002752, 47.395242057528066], [-122.50993249921082, 47.35798741743503], [-122.4864711946049, 47.48877965875249], [-122.39412561002752, 47.395242057528066]]], [[[-122.86262660446191, 47.18507359247951], [-122.90797267552766, 47.2261075295917], [-122.88510463266313, 47.27471104707078], [-122.84919032465248, 47.216296738201834], [-122.86262660446191, 47.18507359247951]]]]}}, {"type": "Feature", "properties": {}, "geometry": {"type": "MultiPolygon", "coordinates": [[[[-90.65733057612267, 42.520509205556124], [-90.68787256947526, 42.610322441404094], [-91.0695815684113, 42.78855364937496], [-91.117591824149, 42.881651797457636], [-91.16132839808304, 43.10233417892286], [-91.10696804444686, 43.27802754500004], [-91.23827664320588, 43.4402406859536], [-91.31991605061705, 43.93628440604803], [-91.84097564080639, 44.19415550963504], [-92.0551211567879, 44.399819579980516], [-92.6435379272811, 44.64534205028394], [-92.79921420275092, 44.79003199720967], [-92.76613986066893, 45.23646145759898], [-92.6826053115839, 45.43309476588121], [-92.75746066111908, 45.543243695864305], [-92.89248813209029, 45.594758590407565], [-92.89652011466598, 45.658578172920215], [-92.69394869580567, 45.90901153208287], [-92.29262910041842, 46.08437530830372], [-92.29164582401373, 46.660718103726936], [-92.12534576884175, 46.763011808801], [-91.9873046875, 46.698974609375], [-91.83564453125, 46.702099609375], [-90.83994140624999, 46.962451171874996], [-90.76835937499999, 46.908007812499996], [-90.922998046875, 46.603076171874996], [-90.73681640625, 46.688867187499994], [-90.23037987624204, 46.50976594953107], [-90.1185500379917, 46.341664136477874], [-89.11928852526353, 46.14919464671388], [-88.83733538950787, 46.036617738122516], [-88.15174454304216, 45.945409238549445], [-88.09648331046535, 45.878414607087564], [-88.11611587957366, 45.81580352071475], [-87.80908095575182, 45.68604399428045], [-87.79455702941652, 45.59603300451869], [-87.87491103638804, 45.385392127342726], [-87.66422621389793, 45.37128568149211], [-87.71885023941917, 45.20127224727224], [-87.60584286301022, 45.10855443952813], [-87.62700195312499, 45.032275390624996], [-87.8302734375, 44.94248046875], [-87.997802734375, 44.692333984375], [-88.01875, 44.571142578125], [-87.92900390624999, 44.559472656249994], [-87.787548828125, 44.6515625], [-87.60439453125, 44.846875], [-87.419580078125, 44.865624999999994], [-87.34560546875, 44.800634765625], [-87.52744140624999, 44.385693359375], [-87.534912109375, 44.174267578125], [-87.700146484375, 43.976611328124996], [-87.69970703125, 43.72373046875], [-87.898388671875, 43.293798828125], [-87.88774414062499, 43.012451171875], [-87.787060546875, 42.8091796875], [-87.81208487776289, 42.49711267589386], [-90.65733057612267, 42.520509205556124]]], [[[-90.422119140625, 47.071142578125], [-90.45932617187499, 47.010107421875], [-90.47172851562499, 47.017529296875], [-90.422119140625, 47.071142578125]]], [[[-90.57998046875, 46.913525390625], [-90.651806640625, 46.922265624999994], [-90.65043945312499, 46.936767578125], [-90.542626953125, 46.962744140625], [-90.57998046875, 46.913525390625]]], [[[-90.59609375, 46.86884765625], [-90.71054687499999, 46.783349609374994], [-90.79160156249999, 46.772314453125], [-90.59609375, 46.86884765625]]], [[[-87.005029296875, 45.295800781249994], [-86.99189453125, 45.241015624999996], [-87.04150390625, 45.236669921875], [-87.0841796875, 45.153955078124994], [-87.05893554687499, 45.102441406249994], [-87.141357421875, 45.040673828124994], [-87.18808593749999, 44.92197265625], [-87.2802734375, 44.834863281249994], [-87.35458984374999, 44.838818359375], [-87.396484375, 44.954150390624996], [-87.2587890625, 45.137988281249996], [-87.005029296875, 45.295800781249994]]], [[[-86.87846679687499, 45.41416015625], [-86.86186523437499, 45.35224609375], [-86.96669921875, 45.368310546874994], [-86.93798828125, 45.425585937499996], [-86.87846679687499, 45.41416015625]]]]}}, {"type": "Feature", "properties": {}, "geometry": {"type": "Polygon", "coordinates": [[[-82.10346306231853, 37.57057493469988], [-82.28024407492155, 37.687183825866896], [-82.58877313942538, 38.099742435354756], [-82.61277826729423, 38.448217790444914], [-82.49754266719522, 38.41497316027048], [-82.31814690839869, 38.47967164906666], [-82.18007073125649, 38.637589135559494], [-82.20352654269814, 38.768227568277325], [-82.07227287558183, 38.96294925539286], [-82.00109245294465, 39.011102333401624], [-81.89667838646156, 38.8935486179798], [-81.78012442693726, 38.94697513368973], [-81.80260245513847, 39.08606205305799], [-81.65720938318591, 39.27197270468116], [-81.4396471190272, 39.39255864678117], [-81.2625035575822, 39.386538138738985], [-80.87431262480516, 39.664294496990806], [-80.60181871792597, 40.36389291235025], [-80.63752428569427, 40.603263038668985], [-80.51908067766038, 40.646955667288864], [-80.51944322650233, 39.72251105194596], [-79.47749982738036, 39.7227966964881], [-79.48798078481141, 39.210910690633085], [-79.07534527102375, 39.47598882574502], [-78.97148052096787, 39.45364263348634], [-78.77776957607838, 39.62662237641311], [-78.67767313671314, 39.549520322690654], [-78.49554178210913, 39.533348447073735], [-78.40676126114428, 39.627863831538576], [-78.09778175717015, 39.67788458539985], [-77.85542334948742, 39.59970587148007], [-77.77958472354753, 39.48833745902857], [-77.72664160629354, 39.34643803955305], [-77.83579078037911, 39.14521244593939], [-78.32222146299748, 39.45185186193365], [-78.43523782473058, 39.1607581008293], [-78.58147684398104, 38.999017372003124], [-78.86872539009495, 38.81794070493936], [-79.04118877558015, 38.78967288159538], [-79.2402720351277, 38.476518572774495], [-79.39587140629772, 38.454392107086704], [-79.63960310504848, 38.57245119362153], [-79.97173080326502, 38.04615112471666], [-80.24592759106854, 37.75102538103664], [-80.28530259257057, 37.67705443094924], [-80.2458177277831, 37.62078245614639], [-80.37118272279977, 37.47259885674363], [-80.71984484547518, 37.401022926278856], [-80.84348498691043, 37.42172116925593], [-80.91536853457444, 37.31136349903049], [-81.17811756803502, 37.2633312706357], [-81.35004262342156, 37.33368771863209], [-81.58901724191273, 37.20807003805891], [-81.87563956729961, 37.329611790742234], [-81.97139640688995, 37.47306028254248], [-81.9652770218909, 37.53972532414805], [-82.10346306231853, 37.57057493469988]]]}}, {"type": "Feature", "properties": {}, "geometry": {"type": "Polygon", "coordinates": [[[-104.02165542675152, 41.00085826867979], [-111.04998882474398, 41.00085826867979], [-111.05086223786323, 45.00105739588466], [-104.03721206796996, 45.001134300184475], [-104.02165542675152, 41.00085826867979]]]}}]}